eu_sdg,dimension,dimension_label,unit,unit_label,geo,geo_label,time,obs_value,obs_status
06_60,LTAA_PC,"Water exploitation index, plus (WEI+)",PC,Percentage,EU27_2020,European Union - 27 countries (from 2020),2000,4.903966577,E
06_60,LTAA_PC,"Water exploitation index, plus (WEI+)",PC,Percentage,EU27_2020,European Union - 27 countries (from 2020),2001,4.571754038,E
06_60,LTAA_PC,"Water exploitation index, plus (WEI+)",PC,Percentage,EU27_2020,European Union - 27 countries (from 2020),2002,4.747021458,E
06_60,LTAA_PC,"Water exploitation index, plus (WEI+)",PC,Percentage,EU27_2020,European Union - 27 countries (from 2020),2003,5.763806098,E
06_60,LTAA_PC,"Water exploitation index, plus (WEI+)",PC,Percentage,EU27_2020,European Union - 27 countries (from 2020),2004,4.898209351,E
06_60,LTAA_PC,"Water exploitation index, plus (WEI+)",PC,Percentage,EU27_2020,European Union - 27 countries (from 2020),2005,4.970792462,E
06_60,LTAA_PC,"Water exploitation index, plus (WEI+)",PC,Percentage,EU27_2020,European Union - 27 countries (from 2020),2006,4.908900451,E
06_60,LTAA_PC,"Water exploitation index, plus (WEI+)",PC,Percentage,EU27_2020,European Union - 27 countries (from 2020),2007,5.065494204,E
06_60,LTAA_PC,"Water exploitation index, plus (WEI+)",PC,Percentage,EU27_2020,European Union - 27 countries (from 2020),2008,4.546456172,E
06_60,LTAA_PC,"Water exploitation index, plus (WEI+)",PC,Percentage,EU27_2020,European Union - 27 countries (from 2020),2009,4.720847526,E
06_60,LTAA_PC,"Water exploitation index, plus (WEI+)",PC,Percentage,EU27_2020,European Union - 27 countries (from 2020),2010,3.987429666,E
06_60,LTAA_PC,"Water exploitation index, plus (WEI+)",PC,Percentage,EU27_2020,European Union - 27 countries (from 2020),2011,5.219114769,E
06_60,LTAA_PC,"Water exploitation index, plus (WEI+)",PC,Percentage,EU27_2020,European Union - 27 countries (from 2020),2012,4.580340922,E
06_60,LTAA_PC,"Water exploitation index, plus (WEI+)",PC,Percentage,EU27_2020,European Union - 27 countries (from 2020),2013,4.039909783,E
06_60,LTAA_PC,"Water exploitation index, plus (WEI+)",PC,Percentage,EU27_2020,European Union - 27 countries (from 2020),2014,3.881635897,E
06_60,LTAA_PC,"Water exploitation index, plus (WEI+)",PC,Percentage,EU27_2020,European Union - 27 countries (from 2020),2015,4.602935847,E
06_60,LTAA_PC,"Water exploitation index, plus (WEI+)",PC,Percentage,EU27_2020,European Union - 27 countries (from 2020),2016,4.361979592,E
06_60,LTAA_PC,"Water exploitation index, plus (WEI+)",PC,Percentage,EU27_2020,European Union - 27 countries (from 2020),2017,5.022409847,E
06_60,LTAA_PC,"Water exploitation index, plus (WEI+)",PC,Percentage,EU27_2020,European Union - 27 countries (from 2020),2018,4.467600243,E
06_60,LTAA_PC,"Water exploitation index, plus (WEI+)",PC,Percentage,EU27_2020,European Union - 27 countries (from 2020),2019,4.527852223,E
06_60,LTAA_PC,"Water exploitation index, plus (WEI+)",PC,Percentage,EU27_2020,European Union - 27 countries (from 2020),2020,4.572571304,E
06_60,LTAA_PC,"Water exploitation index, plus (WEI+)",PC,Percentage,EU27_2020,European Union - 27 countries (from 2020),2021,4.611100287,E
06_60,LTAA_PC,"Water exploitation index, plus (WEI+)",PC,Percentage,EU27_2020,European Union - 27 countries (from 2020),2022,5.763862035,E
06_60,LTAA_PC,"Water exploitation index, plus (WEI+)",PC,Percentage,AL,Albania,2000,3.55060973,
06_60,LTAA_PC,"Water exploitation index, plus (WEI+)",PC,Percentage,AL,Albania,2001,3.12963881,
06_60,LTAA_PC,"Water exploitation index, plus (WEI+)",PC,Percentage,AL,Albania,2002,2.675157682,
06_60,LTAA_PC,"Water exploitation index, plus (WEI+)",PC,Percentage,AL,Albania,2003,2.366746899,
06_60,LTAA_PC,"Water exploitation index, plus (WEI+)",PC,Percentage,AL,Albania,2004,1.764075844,
06_60,LTAA_PC,"Water exploitation index, plus (WEI+)",PC,Percentage,AL,Albania,2005,2.013637407,
06_60,LTAA_PC,"Water exploitation index, plus (WEI+)",PC,Percentage,AL,Albania,2006,1.816480676,
06_60,LTAA_PC,"Water exploitation index, plus (WEI+)",PC,Percentage,AL,Albania,2007,2.089798743,
06_60,LTAA_PC,"Water exploitation index, plus (WEI+)",PC,Percentage,AL,Albania,2008,1.964142508,
06_60,LTAA_PC,"Water exploitation index, plus (WEI+)",PC,Percentage,AL,Albania,2009,1.436739636,
06_60,LTAA_PC,"Water exploitation index, plus (WEI+)",PC,Percentage,AL,Albania,2010,1.132278098,
06_60,LTAA_PC,"Water exploitation index, plus (WEI+)",PC,Percentage,AL,Albania,2011,3.308453576,
06_60,LTAA_PC,"Water exploitation index, plus (WEI+)",PC,Percentage,AL,Albania,2012,1.943280476,
06_60,LTAA_PC,"Water exploitation index, plus (WEI+)",PC,Percentage,AL,Albania,2013,2.035304348,
06_60,LTAA_PC,"Water exploitation index, plus (WEI+)",PC,Percentage,AL,Albania,2014,1.645889643,
06_60,LTAA_PC,"Water exploitation index, plus (WEI+)",PC,Percentage,AL,Albania,2015,2.130595116,
06_60,LTAA_PC,"Water exploitation index, plus (WEI+)",PC,Percentage,AL,Albania,2016,1.67988635,
06_60,LTAA_PC,"Water exploitation index, plus (WEI+)",PC,Percentage,AL,Albania,2017,1.83363918,
06_60,LTAA_PC,"Water exploitation index, plus (WEI+)",PC,Percentage,AL,Albania,2018,1.525265417,
06_60,LTAA_PC,"Water exploitation index, plus (WEI+)",PC,Percentage,AL,Albania,2019,1.506304008,
06_60,LTAA_PC,"Water exploitation index, plus (WEI+)",PC,Percentage,AL,Albania,2020,1.169978782,
06_60,LTAA_PC,"Water exploitation index, plus (WEI+)",PC,Percentage,AL,Albania,2021,1.017129702,
06_60,LTAA_PC,"Water exploitation index, plus (WEI+)",PC,Percentage,AL,Albania,2022,1.160329748,
06_60,LTAA_PC,"Water exploitation index, plus (WEI+)",PC,Percentage,AT,Austria,2000,1.250806416,
06_60,LTAA_PC,"Water exploitation index, plus (WEI+)",PC,Percentage,AT,Austria,2001,1.359919524,
06_60,LTAA_PC,"Water exploitation index, plus (WEI+)",PC,Percentage,AT,Austria,2002,1.255693804,
06_60,LTAA_PC,"Water exploitation index, plus (WEI+)",PC,Percentage,AT,Austria,2003,1.6650024,
06_60,LTAA_PC,"Water exploitation index, plus (WEI+)",PC,Percentage,AT,Austria,2004,1.510867011,
06_60,LTAA_PC,"Water exploitation index, plus (WEI+)",PC,Percentage,AT,Austria,2005,1.555575028,
06_60,LTAA_PC,"Water exploitation index, plus (WEI+)",PC,Percentage,AT,Austria,2006,1.59604031,
06_60,LTAA_PC,"Water exploitation index, plus (WEI+)",PC,Percentage,AT,Austria,2007,1.927056069,
06_60,LTAA_PC,"Water exploitation index, plus (WEI+)",PC,Percentage,AT,Austria,2008,1.994880563,
06_60,LTAA_PC,"Water exploitation index, plus (WEI+)",PC,Percentage,AT,Austria,2009,1.669049095,
06_60,LTAA_PC,"Water exploitation index, plus (WEI+)",PC,Percentage,AT,Austria,2010,1.917516936,
06_60,LTAA_PC,"Water exploitation index, plus (WEI+)",PC,Percentage,AT,Austria,2011,2.029597333,
06_60,LTAA_PC,"Water exploitation index, plus (WEI+)",PC,Percentage,AT,Austria,2012,1.701589629,
06_60,LTAA_PC,"Water exploitation index, plus (WEI+)",PC,Percentage,AT,Austria,2013,1.492607006,
06_60,LTAA_PC,"Water exploitation index, plus (WEI+)",PC,Percentage,AT,Austria,2014,1.747461287,
06_60,LTAA_PC,"Water exploitation index, plus (WEI+)",PC,Percentage,AT,Austria,2015,2.131142092,
06_60,LTAA_PC,"Water exploitation index, plus (WEI+)",PC,Percentage,AT,Austria,2016,1.880957743,
06_60,LTAA_PC,"Water exploitation index, plus (WEI+)",PC,Percentage,AT,Austria,2017,2.096455246,
06_60,LTAA_PC,"Water exploitation index, plus (WEI+)",PC,Percentage,AT,Austria,2018,2.046936444,
06_60,LTAA_PC,"Water exploitation index, plus (WEI+)",PC,Percentage,AT,Austria,2019,0.626399434,
06_60,LTAA_PC,"Water exploitation index, plus (WEI+)",PC,Percentage,AT,Austria,2020,1.790540881,
06_60,LTAA_PC,"Water exploitation index, plus (WEI+)",PC,Percentage,AT,Austria,2021,1.999935596,
06_60,LTAA_PC,"Water exploitation index, plus (WEI+)",PC,Percentage,AT,Austria,2022,2.123123905,
06_60,LTAA_PC,"Water exploitation index, plus (WEI+)",PC,Percentage,BA,Bosnia and Herzegovina,2000,0.426157423,
06_60,LTAA_PC,"Water exploitation index, plus (WEI+)",PC,Percentage,BA,Bosnia and Herzegovina,2001,0.308213976,
06_60,LTAA_PC,"Water exploitation index, plus (WEI+)",PC,Percentage,BA,Bosnia and Herzegovina,2002,0.302256379,
06_60,LTAA_PC,"Water exploitation index, plus (WEI+)",PC,Percentage,BA,Bosnia and Herzegovina,2003,0.378939795,
06_60,LTAA_PC,"Water exploitation index, plus (WEI+)",PC,Percentage,BA,Bosnia and Herzegovina,2004,0.260076414,
06_60,LTAA_PC,"Water exploitation index, plus (WEI+)",PC,Percentage,BA,Bosnia and Herzegovina,2005,0.261352317,
06_60,LTAA_PC,"Water exploitation index, plus (WEI+)",PC,Percentage,BA,Bosnia and Herzegovina,2006,0.344867776,
06_60,LTAA_PC,"Water exploitation index, plus (WEI+)",PC,Percentage,BA,Bosnia and Herzegovina,2007,0.375371392,
06_60,LTAA_PC,"Water exploitation index, plus (WEI+)",PC,Percentage,BA,Bosnia and Herzegovina,2008,0.316689931,
06_60,LTAA_PC,"Water exploitation index, plus (WEI+)",PC,Percentage,BA,Bosnia and Herzegovina,2009,0.451821713,
06_60,LTAA_PC,"Water exploitation index, plus (WEI+)",PC,Percentage,BA,Bosnia and Herzegovina,2010,0.372441605,
06_60,LTAA_PC,"Water exploitation index, plus (WEI+)",PC,Percentage,BA,Bosnia and Herzegovina,2011,0.82162021,
06_60,LTAA_PC,"Water exploitation index, plus (WEI+)",PC,Percentage,BA,Bosnia and Herzegovina,2012,0.680611867,
06_60,LTAA_PC,"Water exploitation index, plus (WEI+)",PC,Percentage,BA,Bosnia and Herzegovina,2013,0.492236554,
06_60,LTAA_PC,"Water exploitation index, plus (WEI+)",PC,Percentage,BA,Bosnia and Herzegovina,2014,0.345479667,
06_60,LTAA_PC,"Water exploitation index, plus (WEI+)",PC,Percentage,BA,Bosnia and Herzegovina,2015,0.544360151,
06_60,LTAA_PC,"Water exploitation index, plus (WEI+)",PC,Percentage,BA,Bosnia and Herzegovina,2016,0.322747386,
06_60,LTAA_PC,"Water exploitation index, plus (WEI+)",PC,Percentage,BA,Bosnia and Herzegovina,2017,0.517601267,
06_60,LTAA_PC,"Water exploitation index, plus (WEI+)",PC,Percentage,BA,Bosnia and Herzegovina,2018,0.330083805,
06_60,LTAA_PC,"Water exploitation index, plus (WEI+)",PC,Percentage,BA,Bosnia and Herzegovina,2019,0.398203293,
06_60,LTAA_PC,"Water exploitation index, plus (WEI+)",PC,Percentage,BA,Bosnia and Herzegovina,2020,2.678798489,
06_60,LTAA_PC,"Water exploitation index, plus (WEI+)",PC,Percentage,BA,Bosnia and Herzegovina,2021,2.41735253,
06_60,LTAA_PC,"Water exploitation index, plus (WEI+)",PC,Percentage,BA,Bosnia and Herzegovina,2022,3.041925906,
06_60,LTAA_PC,"Water exploitation index, plus (WEI+)",PC,Percentage,BE,Belgium,2000,7.119088407,
06_60,LTAA_PC,"Water exploitation index, plus (WEI+)",PC,Percentage,BE,Belgium,2001,5.616530531,
06_60,LTAA_PC,"Water exploitation index, plus (WEI+)",PC,Percentage,BE,Belgium,2002,6.320387875,
06_60,LTAA_PC,"Water exploitation index, plus (WEI+)",PC,Percentage,BE,Belgium,2003,10.46732314,
06_60,LTAA_PC,"Water exploitation index, plus (WEI+)",PC,Percentage,BE,Belgium,2004,11.74825872,
06_60,LTAA_PC,"Water exploitation index, plus (WEI+)",PC,Percentage,BE,Belgium,2005,10.93989648,
06_60,LTAA_PC,"Water exploitation index, plus (WEI+)",PC,Percentage,BE,Belgium,2006,7.677321224,
06_60,LTAA_PC,"Water exploitation index, plus (WEI+)",PC,Percentage,BE,Belgium,2007,13.30622599,
06_60,LTAA_PC,"Water exploitation index, plus (WEI+)",PC,Percentage,BE,Belgium,2008,6.606304357,
06_60,LTAA_PC,"Water exploitation index, plus (WEI+)",PC,Percentage,BE,Belgium,2009,10.97649609,
06_60,LTAA_PC,"Water exploitation index, plus (WEI+)",PC,Percentage,BE,Belgium,2010,4.466731313,
06_60,LTAA_PC,"Water exploitation index, plus (WEI+)",PC,Percentage,BE,Belgium,2011,4.873164524,
06_60,LTAA_PC,"Water exploitation index, plus (WEI+)",PC,Percentage,BE,Belgium,2012,3.581971327,
06_60,LTAA_PC,"Water exploitation index, plus (WEI+)",PC,Percentage,BE,Belgium,2013,3.178272169,
06_60,LTAA_PC,"Water exploitation index, plus (WEI+)",PC,Percentage,BE,Belgium,2014,3.861762969,
06_60,LTAA_PC,"Water exploitation index, plus (WEI+)",PC,Percentage,BE,Belgium,2015,3.735400779,
06_60,LTAA_PC,"Water exploitation index, plus (WEI+)",PC,Percentage,BE,Belgium,2016,3.547581146,
06_60,LTAA_PC,"Water exploitation index, plus (WEI+)",PC,Percentage,BE,Belgium,2017,5.264852839,
06_60,LTAA_PC,"Water exploitation index, plus (WEI+)",PC,Percentage,BE,Belgium,2018,4.215933688,
06_60,LTAA_PC,"Water exploitation index, plus (WEI+)",PC,Percentage,BE,Belgium,2019,4.20627858,
06_60,LTAA_PC,"Water exploitation index, plus (WEI+)",PC,Percentage,BE,Belgium,2020,3.816983547,
06_60,LTAA_PC,"Water exploitation index, plus (WEI+)",PC,Percentage,BE,Belgium,2021,3.267697232,
06_60,LTAA_PC,"Water exploitation index, plus (WEI+)",PC,Percentage,BE,Belgium,2022,5.194294563,
06_60,LTAA_PC,"Water exploitation index, plus (WEI+)",PC,Percentage,BG,Bulgaria,2000,1.441696561,
06_60,LTAA_PC,"Water exploitation index, plus (WEI+)",PC,Percentage,BG,Bulgaria,2001,1.095078089,
06_60,LTAA_PC,"Water exploitation index, plus (WEI+)",PC,Percentage,BG,Bulgaria,2002,0.992294454,
06_60,LTAA_PC,"Water exploitation index, plus (WEI+)",PC,Percentage,BG,Bulgaria,2003,1.475212731,
06_60,LTAA_PC,"Water exploitation index, plus (WEI+)",PC,Percentage,BG,Bulgaria,2004,1.011830642,
06_60,LTAA_PC,"Water exploitation index, plus (WEI+)",PC,Percentage,BG,Bulgaria,2005,0.791250511,
06_60,LTAA_PC,"Water exploitation index, plus (WEI+)",PC,Percentage,BG,Bulgaria,2006,0.954098916,
06_60,LTAA_PC,"Water exploitation index, plus (WEI+)",PC,Percentage,BG,Bulgaria,2007,1.165462274,
06_60,LTAA_PC,"Water exploitation index, plus (WEI+)",PC,Percentage,BG,Bulgaria,2008,1.171173273,
06_60,LTAA_PC,"Water exploitation index, plus (WEI+)",PC,Percentage,BG,Bulgaria,2009,0.999286751,
06_60,LTAA_PC,"Water exploitation index, plus (WEI+)",PC,Percentage,BG,Bulgaria,2010,0.715394273,
06_60,LTAA_PC,"Water exploitation index, plus (WEI+)",PC,Percentage,BG,Bulgaria,2011,1.250719893,
06_60,LTAA_PC,"Water exploitation index, plus (WEI+)",PC,Percentage,BG,Bulgaria,2012,1.064573508,
06_60,LTAA_PC,"Water exploitation index, plus (WEI+)",PC,Percentage,BG,Bulgaria,2013,0.748673829,
06_60,LTAA_PC,"Water exploitation index, plus (WEI+)",PC,Percentage,BG,Bulgaria,2014,0.629286489,
06_60,LTAA_PC,"Water exploitation index, plus (WEI+)",PC,Percentage,BG,Bulgaria,2015,0.758161611,
06_60,LTAA_PC,"Water exploitation index, plus (WEI+)",PC,Percentage,BG,Bulgaria,2016,0.934388568,
06_60,LTAA_PC,"Water exploitation index, plus (WEI+)",PC,Percentage,BG,Bulgaria,2017,1.127893748,
06_60,LTAA_PC,"Water exploitation index, plus (WEI+)",PC,Percentage,BG,Bulgaria,2018,0.836906217,
06_60,LTAA_PC,"Water exploitation index, plus (WEI+)",PC,Percentage,BG,Bulgaria,2019,0.991444735,
06_60,LTAA_PC,"Water exploitation index, plus (WEI+)",PC,Percentage,BG,Bulgaria,2020,1.020090279,
06_60,LTAA_PC,"Water exploitation index, plus (WEI+)",PC,Percentage,BG,Bulgaria,2021,0.905639501,
06_60,LTAA_PC,"Water exploitation index, plus (WEI+)",PC,Percentage,BG,Bulgaria,2022,1.214291879,
06_60,LTAA_PC,"Water exploitation index, plus (WEI+)",PC,Percentage,CH,Switzerland,2000,0.786908949,
06_60,LTAA_PC,"Water exploitation index, plus (WEI+)",PC,Percentage,CH,Switzerland,2001,0.655632834,
06_60,LTAA_PC,"Water exploitation index, plus (WEI+)",PC,Percentage,CH,Switzerland,2002,0.906699877,
06_60,LTAA_PC,"Water exploitation index, plus (WEI+)",PC,Percentage,CH,Switzerland,2003,1.081913669,
06_60,LTAA_PC,"Water exploitation index, plus (WEI+)",PC,Percentage,CH,Switzerland,2004,1.03073739,
06_60,LTAA_PC,"Water exploitation index, plus (WEI+)",PC,Percentage,CH,Switzerland,2005,1.067119527,
06_60,LTAA_PC,"Water exploitation index, plus (WEI+)",PC,Percentage,CH,Switzerland,2006,2.160023281,
06_60,LTAA_PC,"Water exploitation index, plus (WEI+)",PC,Percentage,CH,Switzerland,2007,0.879486803,
06_60,LTAA_PC,"Water exploitation index, plus (WEI+)",PC,Percentage,CH,Switzerland,2008,0.871329321,
06_60,LTAA_PC,"Water exploitation index, plus (WEI+)",PC,Percentage,CH,Switzerland,2009,0.913611349,
06_60,LTAA_PC,"Water exploitation index, plus (WEI+)",PC,Percentage,CH,Switzerland,2010,0.901898615,
06_60,LTAA_PC,"Water exploitation index, plus (WEI+)",PC,Percentage,CH,Switzerland,2011,0.937786961,
06_60,LTAA_PC,"Water exploitation index, plus (WEI+)",PC,Percentage,CH,Switzerland,2012,1.064407221,
06_60,LTAA_PC,"Water exploitation index, plus (WEI+)",PC,Percentage,CH,Switzerland,2013,0.707250386,
06_60,LTAA_PC,"Water exploitation index, plus (WEI+)",PC,Percentage,CH,Switzerland,2014,0.66704381,
06_60,LTAA_PC,"Water exploitation index, plus (WEI+)",PC,Percentage,CH,Switzerland,2015,0.842424125,
06_60,LTAA_PC,"Water exploitation index, plus (WEI+)",PC,Percentage,CH,Switzerland,2016,0.751219164,
06_60,LTAA_PC,"Water exploitation index, plus (WEI+)",PC,Percentage,CH,Switzerland,2017,1.016281092,
06_60,LTAA_PC,"Water exploitation index, plus (WEI+)",PC,Percentage,CH,Switzerland,2018,0.76278018,
06_60,LTAA_PC,"Water exploitation index, plus (WEI+)",PC,Percentage,CH,Switzerland,2019,0.624181047,
06_60,LTAA_PC,"Water exploitation index, plus (WEI+)",PC,Percentage,CH,Switzerland,2020,0.637982008,
06_60,LTAA_PC,"Water exploitation index, plus (WEI+)",PC,Percentage,CH,Switzerland,2021,0.545887395,
06_60,LTAA_PC,"Water exploitation index, plus (WEI+)",PC,Percentage,CH,Switzerland,2022,0.82614718,
06_60,LTAA_PC,"Water exploitation index, plus (WEI+)",PC,Percentage,CY,Cyprus,2000,59.54241971,
06_60,LTAA_PC,"Water exploitation index, plus (WEI+)",PC,Percentage,CY,Cyprus,2001,63.8076854,
06_60,LTAA_PC,"Water exploitation index, plus (WEI+)",PC,Percentage,CY,Cyprus,2002,72.14378207,
06_60,LTAA_PC,"Water exploitation index, plus (WEI+)",PC,Percentage,CY,Cyprus,2003,70.20014019,
06_60,LTAA_PC,"Water exploitation index, plus (WEI+)",PC,Percentage,CY,Cyprus,2004,76.75830813,
06_60,LTAA_PC,"Water exploitation index, plus (WEI+)",PC,Percentage,CY,Cyprus,2005,75.41947643,
06_60,LTAA_PC,"Water exploitation index, plus (WEI+)",PC,Percentage,CY,Cyprus,2006,69.11401754,
06_60,LTAA_PC,"Water exploitation index, plus (WEI+)",PC,Percentage,CY,Cyprus,2007,70.2391255,
06_60,LTAA_PC,"Water exploitation index, plus (WEI+)",PC,Percentage,CY,Cyprus,2008,72.17256047,
06_60,LTAA_PC,"Water exploitation index, plus (WEI+)",PC,Percentage,CY,Cyprus,2009,68.14046233,
06_60,LTAA_PC,"Water exploitation index, plus (WEI+)",PC,Percentage,CY,Cyprus,2010,70.61457217,
06_60,LTAA_PC,"Water exploitation index, plus (WEI+)",PC,Percentage,CY,Cyprus,2011,68.27229506,
06_60,LTAA_PC,"Water exploitation index, plus (WEI+)",PC,Percentage,CY,Cyprus,2012,71.55830138,
06_60,LTAA_PC,"Water exploitation index, plus (WEI+)",PC,Percentage,CY,Cyprus,2013,71.40489381,
06_60,LTAA_PC,"Water exploitation index, plus (WEI+)",PC,Percentage,CY,Cyprus,2014,68.04718451,
06_60,LTAA_PC,"Water exploitation index, plus (WEI+)",PC,Percentage,CY,Cyprus,2015,71.60704627,
06_60,LTAA_PC,"Water exploitation index, plus (WEI+)",PC,Percentage,CY,Cyprus,2016,71.18790555,
06_60,LTAA_PC,"Water exploitation index, plus (WEI+)",PC,Percentage,CY,Cyprus,2017,70.85957737,
06_60,LTAA_PC,"Water exploitation index, plus (WEI+)",PC,Percentage,CY,Cyprus,2018,69.16633469,
06_60,LTAA_PC,"Water exploitation index, plus (WEI+)",PC,Percentage,CY,Cyprus,2019,66.74283649,
06_60,LTAA_PC,"Water exploitation index, plus (WEI+)",PC,Percentage,CY,Cyprus,2020,71.08191832,
06_60,LTAA_PC,"Water exploitation index, plus (WEI+)",PC,Percentage,CY,Cyprus,2021,71.18105382,
06_60,LTAA_PC,"Water exploitation index, plus (WEI+)",PC,Percentage,CY,Cyprus,2022,71.03932112,
06_60,LTAA_PC,"Water exploitation index, plus (WEI+)",PC,Percentage,CZ,Czechia,2000,3.085096678,
06_60,LTAA_PC,"Water exploitation index, plus (WEI+)",PC,Percentage,CZ,Czechia,2001,2.703008272,
06_60,LTAA_PC,"Water exploitation index, plus (WEI+)",PC,Percentage,CZ,Czechia,2002,1.888296514,
06_60,LTAA_PC,"Water exploitation index, plus (WEI+)",PC,Percentage,CZ,Czechia,2003,4.237525601,
06_60,LTAA_PC,"Water exploitation index, plus (WEI+)",PC,Percentage,CZ,Czechia,2004,3.534799977,
06_60,LTAA_PC,"Water exploitation index, plus (WEI+)",PC,Percentage,CZ,Czechia,2005,2.808257544,
06_60,LTAA_PC,"Water exploitation index, plus (WEI+)",PC,Percentage,CZ,Czechia,2006,2.306302832,
06_60,LTAA_PC,"Water exploitation index, plus (WEI+)",PC,Percentage,CZ,Czechia,2007,3.126253109,
06_60,LTAA_PC,"Water exploitation index, plus (WEI+)",PC,Percentage,CZ,Czechia,2008,3.313360742,
06_60,LTAA_PC,"Water exploitation index, plus (WEI+)",PC,Percentage,CZ,Czechia,2009,2.654414898,
06_60,LTAA_PC,"Water exploitation index, plus (WEI+)",PC,Percentage,CZ,Czechia,2010,1.779038853,
06_60,LTAA_PC,"Water exploitation index, plus (WEI+)",PC,Percentage,CZ,Czechia,2011,2.68732695,
06_60,LTAA_PC,"Water exploitation index, plus (WEI+)",PC,Percentage,CZ,Czechia,2012,2.88638855,
06_60,LTAA_PC,"Water exploitation index, plus (WEI+)",PC,Percentage,CZ,Czechia,2013,1.802030219,
06_60,LTAA_PC,"Water exploitation index, plus (WEI+)",PC,Percentage,CZ,Czechia,2014,3.32243867,
06_60,LTAA_PC,"Water exploitation index, plus (WEI+)",PC,Percentage,CZ,Czechia,2015,3.684870715,
06_60,LTAA_PC,"Water exploitation index, plus (WEI+)",PC,Percentage,CZ,Czechia,2016,3.413713345,
06_60,LTAA_PC,"Water exploitation index, plus (WEI+)",PC,Percentage,CZ,Czechia,2017,3.333023646,
06_60,LTAA_PC,"Water exploitation index, plus (WEI+)",PC,Percentage,CZ,Czechia,2018,4.280859667,
06_60,LTAA_PC,"Water exploitation index, plus (WEI+)",PC,Percentage,CZ,Czechia,2019,3.401216751,
06_60,LTAA_PC,"Water exploitation index, plus (WEI+)",PC,Percentage,CZ,Czechia,2020,2.353934806,
06_60,LTAA_PC,"Water exploitation index, plus (WEI+)",PC,Percentage,CZ,Czechia,2021,2.342155806,
06_60,LTAA_PC,"Water exploitation index, plus (WEI+)",PC,Percentage,CZ,Czechia,2022,3.238502781,
06_60,LTAA_PC,"Water exploitation index, plus (WEI+)",PC,Percentage,DE,Germany,2000,4.320875373,
06_60,LTAA_PC,"Water exploitation index, plus (WEI+)",PC,Percentage,DE,Germany,2001,3.955277469,
06_60,LTAA_PC,"Water exploitation index, plus (WEI+)",PC,Percentage,DE,Germany,2002,3.207854508,
06_60,LTAA_PC,"Water exploitation index, plus (WEI+)",PC,Percentage,DE,Germany,2003,5.104020117,
06_60,LTAA_PC,"Water exploitation index, plus (WEI+)",PC,Percentage,DE,Germany,2004,4.888618699,
06_60,LTAA_PC,"Water exploitation index, plus (WEI+)",PC,Percentage,DE,Germany,2005,4.452671372,
06_60,LTAA_PC,"Water exploitation index, plus (WEI+)",PC,Percentage,DE,Germany,2006,4.118049685,
06_60,LTAA_PC,"Water exploitation index, plus (WEI+)",PC,Percentage,DE,Germany,2007,3.6232335,
06_60,LTAA_PC,"Water exploitation index, plus (WEI+)",PC,Percentage,DE,Germany,2008,4.037456662,
06_60,LTAA_PC,"Water exploitation index, plus (WEI+)",PC,Percentage,DE,Germany,2009,4.436443385,
06_60,LTAA_PC,"Water exploitation index, plus (WEI+)",PC,Percentage,DE,Germany,2010,3.857257176,
06_60,LTAA_PC,"Water exploitation index, plus (WEI+)",PC,Percentage,DE,Germany,2011,4.36038134,
06_60,LTAA_PC,"Water exploitation index, plus (WEI+)",PC,Percentage,DE,Germany,2012,3.873138687,
06_60,LTAA_PC,"Water exploitation index, plus (WEI+)",PC,Percentage,DE,Germany,2013,3.261143417,
06_60,LTAA_PC,"Water exploitation index, plus (WEI+)",PC,Percentage,DE,Germany,2014,4.372580085,
06_60,LTAA_PC,"Water exploitation index, plus (WEI+)",PC,Percentage,DE,Germany,2015,4.24749447,
06_60,LTAA_PC,"Water exploitation index, plus (WEI+)",PC,Percentage,DE,Germany,2016,3.821763424,
06_60,LTAA_PC,"Water exploitation index, plus (WEI+)",PC,Percentage,DE,Germany,2017,4.005956368,
06_60,LTAA_PC,"Water exploitation index, plus (WEI+)",PC,Percentage,DE,Germany,2018,4.147486172,
06_60,LTAA_PC,"Water exploitation index, plus (WEI+)",PC,Percentage,DE,Germany,2019,4.029899903,
06_60,LTAA_PC,"Water exploitation index, plus (WEI+)",PC,Percentage,DE,Germany,2020,3.164366999,
06_60,LTAA_PC,"Water exploitation index, plus (WEI+)",PC,Percentage,DE,Germany,2021,3.027571552,
06_60,LTAA_PC,"Water exploitation index, plus (WEI+)",PC,Percentage,DE,Germany,2022,3.630797762,
06_60,LTAA_PC,"Water exploitation index, plus (WEI+)",PC,Percentage,DK,Denmark,2000,3.385952552,
06_60,LTAA_PC,"Water exploitation index, plus (WEI+)",PC,Percentage,DK,Denmark,2001,3.979344244,
06_60,LTAA_PC,"Water exploitation index, plus (WEI+)",PC,Percentage,DK,Denmark,2002,3.505914699,
06_60,LTAA_PC,"Water exploitation index, plus (WEI+)",PC,Percentage,DK,Denmark,2003,4.840063785,
06_60,LTAA_PC,"Water exploitation index, plus (WEI+)",PC,Percentage,DK,Denmark,2004,4.100454562,
06_60,LTAA_PC,"Water exploitation index, plus (WEI+)",PC,Percentage,DK,Denmark,2005,4.571051188,
06_60,LTAA_PC,"Water exploitation index, plus (WEI+)",PC,Percentage,DK,Denmark,2006,4.184294278,
06_60,LTAA_PC,"Water exploitation index, plus (WEI+)",PC,Percentage,DK,Denmark,2007,2.620991345,
06_60,LTAA_PC,"Water exploitation index, plus (WEI+)",PC,Percentage,DK,Denmark,2008,4.132510825,
06_60,LTAA_PC,"Water exploitation index, plus (WEI+)",PC,Percentage,DK,Denmark,2009,4.888933448,
06_60,LTAA_PC,"Water exploitation index, plus (WEI+)",PC,Percentage,DK,Denmark,2010,4.519543856,
06_60,LTAA_PC,"Water exploitation index, plus (WEI+)",PC,Percentage,DK,Denmark,2011,4.117297,
06_60,LTAA_PC,"Water exploitation index, plus (WEI+)",PC,Percentage,DK,Denmark,2012,3.465093226,
06_60,LTAA_PC,"Water exploitation index, plus (WEI+)",PC,Percentage,DK,Denmark,2013,5.340041358,
06_60,LTAA_PC,"Water exploitation index, plus (WEI+)",PC,Percentage,DK,Denmark,2014,4.502267964,
06_60,LTAA_PC,"Water exploitation index, plus (WEI+)",PC,Percentage,DK,Denmark,2015,3.476388166,
06_60,LTAA_PC,"Water exploitation index, plus (WEI+)",PC,Percentage,DK,Denmark,2016,4.112611114,
06_60,LTAA_PC,"Water exploitation index, plus (WEI+)",PC,Percentage,DK,Denmark,2017,3.99642168,
06_60,LTAA_PC,"Water exploitation index, plus (WEI+)",PC,Percentage,DK,Denmark,2018,7.369823384,
06_60,LTAA_PC,"Water exploitation index, plus (WEI+)",PC,Percentage,DK,Denmark,2019,4.339264377,
06_60,LTAA_PC,"Water exploitation index, plus (WEI+)",PC,Percentage,DK,Denmark,2020,4.004176444,
06_60,LTAA_PC,"Water exploitation index, plus (WEI+)",PC,Percentage,DK,Denmark,2021,4.913614984,
06_60,LTAA_PC,"Water exploitation index, plus (WEI+)",PC,Percentage,DK,Denmark,2022,5.207788378,
06_60,LTAA_PC,"Water exploitation index, plus (WEI+)",PC,Percentage,EE,Estonia,2000,2.516748211,
06_60,LTAA_PC,"Water exploitation index, plus (WEI+)",PC,Percentage,EE,Estonia,2001,1.986997363,
06_60,LTAA_PC,"Water exploitation index, plus (WEI+)",PC,Percentage,EE,Estonia,2002,2.632094468,
06_60,LTAA_PC,"Water exploitation index, plus (WEI+)",PC,Percentage,EE,Estonia,2003,3.484632938,
06_60,LTAA_PC,"Water exploitation index, plus (WEI+)",PC,Percentage,EE,Estonia,2004,2.250977469,
06_60,LTAA_PC,"Water exploitation index, plus (WEI+)",PC,Percentage,EE,Estonia,2005,2.654544823,
06_60,LTAA_PC,"Water exploitation index, plus (WEI+)",PC,Percentage,EE,Estonia,2006,4.001141944,
06_60,LTAA_PC,"Water exploitation index, plus (WEI+)",PC,Percentage,EE,Estonia,2007,2.79584291,
06_60,LTAA_PC,"Water exploitation index, plus (WEI+)",PC,Percentage,EE,Estonia,2008,1.898580983,
06_60,LTAA_PC,"Water exploitation index, plus (WEI+)",PC,Percentage,EE,Estonia,2009,2.010915534,
06_60,LTAA_PC,"Water exploitation index, plus (WEI+)",PC,Percentage,EE,Estonia,2010,2.008447412,
06_60,LTAA_PC,"Water exploitation index, plus (WEI+)",PC,Percentage,EE,Estonia,2011,3.487572629,
06_60,LTAA_PC,"Water exploitation index, plus (WEI+)",PC,Percentage,EE,Estonia,2012,3.915005862,
06_60,LTAA_PC,"Water exploitation index, plus (WEI+)",PC,Percentage,EE,Estonia,2013,3.599589676,
06_60,LTAA_PC,"Water exploitation index, plus (WEI+)",PC,Percentage,EE,Estonia,2014,2.833012419,
06_60,LTAA_PC,"Water exploitation index, plus (WEI+)",PC,Percentage,EE,Estonia,2015,2.393610157,
06_60,LTAA_PC,"Water exploitation index, plus (WEI+)",PC,Percentage,EE,Estonia,2016,1.960266858,
06_60,LTAA_PC,"Water exploitation index, plus (WEI+)",PC,Percentage,EE,Estonia,2017,1.787564252,
06_60,LTAA_PC,"Water exploitation index, plus (WEI+)",PC,Percentage,EE,Estonia,2018,2.608042084,
06_60,LTAA_PC,"Water exploitation index, plus (WEI+)",PC,Percentage,EE,Estonia,2019,1.093806579,
06_60,LTAA_PC,"Water exploitation index, plus (WEI+)",PC,Percentage,EE,Estonia,2020,0.992802576,
06_60,LTAA_PC,"Water exploitation index, plus (WEI+)",PC,Percentage,EE,Estonia,2021,1.713429155,
06_60,LTAA_PC,"Water exploitation index, plus (WEI+)",PC,Percentage,EE,Estonia,2022,2.146185424,
06_60,LTAA_PC,"Water exploitation index, plus (WEI+)",PC,Percentage,EL,Greece,2000,19.77231258,
06_60,LTAA_PC,"Water exploitation index, plus (WEI+)",PC,Percentage,EL,Greece,2001,18.56391134,
06_60,LTAA_PC,"Water exploitation index, plus (WEI+)",PC,Percentage,EL,Greece,2002,11.22408825,
06_60,LTAA_PC,"Water exploitation index, plus (WEI+)",PC,Percentage,EL,Greece,2003,10.58863357,
06_60,LTAA_PC,"Water exploitation index, plus (WEI+)",PC,Percentage,EL,Greece,2004,12.33619423,
06_60,LTAA_PC,"Water exploitation index, plus (WEI+)",PC,Percentage,EL,Greece,2005,9.661560824,
06_60,LTAA_PC,"Water exploitation index, plus (WEI+)",PC,Percentage,EL,Greece,2006,11.09306007,
06_60,LTAA_PC,"Water exploitation index, plus (WEI+)",PC,Percentage,EL,Greece,2007,12.93784566,
06_60,LTAA_PC,"Water exploitation index, plus (WEI+)",PC,Percentage,EL,Greece,2008,15.42244574,
06_60,LTAA_PC,"Water exploitation index, plus (WEI+)",PC,Percentage,EL,Greece,2009,10.63563023,
06_60,LTAA_PC,"Water exploitation index, plus (WEI+)",PC,Percentage,EL,Greece,2010,8.83072632,
06_60,LTAA_PC,"Water exploitation index, plus (WEI+)",PC,Percentage,EL,Greece,2011,15.22447895,
06_60,LTAA_PC,"Water exploitation index, plus (WEI+)",PC,Percentage,EL,Greece,2012,11.15037963,
06_60,LTAA_PC,"Water exploitation index, plus (WEI+)",PC,Percentage,EL,Greece,2013,10.86473928,
06_60,LTAA_PC,"Water exploitation index, plus (WEI+)",PC,Percentage,EL,Greece,2014,8.661501163,
06_60,LTAA_PC,"Water exploitation index, plus (WEI+)",PC,Percentage,EL,Greece,2015,8.25928092,
06_60,LTAA_PC,"Water exploitation index, plus (WEI+)",PC,Percentage,EL,Greece,2016,11.32496127,
06_60,LTAA_PC,"Water exploitation index, plus (WEI+)",PC,Percentage,EL,Greece,2017,14.42393395,
06_60,LTAA_PC,"Water exploitation index, plus (WEI+)",PC,Percentage,EL,Greece,2018,10.83335418,
06_60,LTAA_PC,"Water exploitation index, plus (WEI+)",PC,Percentage,EL,Greece,2019,12.0423817,
06_60,LTAA_PC,"Water exploitation index, plus (WEI+)",PC,Percentage,EL,Greece,2020,13.50626515,
06_60,LTAA_PC,"Water exploitation index, plus (WEI+)",PC,Percentage,EL,Greece,2021,9.097530031,
06_60,LTAA_PC,"Water exploitation index, plus (WEI+)",PC,Percentage,EL,Greece,2022,13.82277046,
06_60,LTAA_PC,"Water exploitation index, plus (WEI+)",PC,Percentage,ES,Spain,2000,9.834691579,
06_60,LTAA_PC,"Water exploitation index, plus (WEI+)",PC,Percentage,ES,Spain,2001,7.082705538,
06_60,LTAA_PC,"Water exploitation index, plus (WEI+)",PC,Percentage,ES,Spain,2002,11.57229972,
06_60,LTAA_PC,"Water exploitation index, plus (WEI+)",PC,Percentage,ES,Spain,2003,8.427357432,
06_60,LTAA_PC,"Water exploitation index, plus (WEI+)",PC,Percentage,ES,Spain,2004,11.51367476,
06_60,LTAA_PC,"Water exploitation index, plus (WEI+)",PC,Percentage,ES,Spain,2005,15.59153098,
06_60,LTAA_PC,"Water exploitation index, plus (WEI+)",PC,Percentage,ES,Spain,2006,10.33453307,
06_60,LTAA_PC,"Water exploitation index, plus (WEI+)",PC,Percentage,ES,Spain,2007,11.24282881,
06_60,LTAA_PC,"Water exploitation index, plus (WEI+)",PC,Percentage,ES,Spain,2008,10.46405524,
06_60,LTAA_PC,"Water exploitation index, plus (WEI+)",PC,Percentage,ES,Spain,2009,11.38657183,
06_60,LTAA_PC,"Water exploitation index, plus (WEI+)",PC,Percentage,ES,Spain,2010,6.619296616,
06_60,LTAA_PC,"Water exploitation index, plus (WEI+)",PC,Percentage,ES,Spain,2011,10.52415616,
06_60,LTAA_PC,"Water exploitation index, plus (WEI+)",PC,Percentage,ES,Spain,2012,13.99198344,
06_60,LTAA_PC,"Water exploitation index, plus (WEI+)",PC,Percentage,ES,Spain,2013,6.610510203,
06_60,LTAA_PC,"Water exploitation index, plus (WEI+)",PC,Percentage,ES,Spain,2014,7.795358611,
06_60,LTAA_PC,"Water exploitation index, plus (WEI+)",PC,Percentage,ES,Spain,2015,11.75496662,
06_60,LTAA_PC,"Water exploitation index, plus (WEI+)",PC,Percentage,ES,Spain,2016,6.778622923,
06_60,LTAA_PC,"Water exploitation index, plus (WEI+)",PC,Percentage,ES,Spain,2017,12.24953883,
06_60,LTAA_PC,"Water exploitation index, plus (WEI+)",PC,Percentage,ES,Spain,2018,6.022043166,
06_60,LTAA_PC,"Water exploitation index, plus (WEI+)",PC,Percentage,ES,Spain,2019,7.773095983,
06_60,LTAA_PC,"Water exploitation index, plus (WEI+)",PC,Percentage,ES,Spain,2020,6.39422316,
06_60,LTAA_PC,"Water exploitation index, plus (WEI+)",PC,Percentage,ES,Spain,2021,6.712854408,
06_60,LTAA_PC,"Water exploitation index, plus (WEI+)",PC,Percentage,ES,Spain,2022,8.778439962,
06_60,LTAA_PC,"Water exploitation index, plus (WEI+)",PC,Percentage,FI,Finland,2000,0.70416691,
06_60,LTAA_PC,"Water exploitation index, plus (WEI+)",PC,Percentage,FI,Finland,2001,0.840677497,
06_60,LTAA_PC,"Water exploitation index, plus (WEI+)",PC,Percentage,FI,Finland,2002,0.752272075,
06_60,LTAA_PC,"Water exploitation index, plus (WEI+)",PC,Percentage,FI,Finland,2003,0.841305676,
06_60,LTAA_PC,"Water exploitation index, plus (WEI+)",PC,Percentage,FI,Finland,2004,0.5157694,
06_60,LTAA_PC,"Water exploitation index, plus (WEI+)",PC,Percentage,FI,Finland,2005,0.452363899,
06_60,LTAA_PC,"Water exploitation index, plus (WEI+)",PC,Percentage,FI,Finland,2006,1.26676323,
06_60,LTAA_PC,"Water exploitation index, plus (WEI+)",PC,Percentage,FI,Finland,2007,1.143121616,
06_60,LTAA_PC,"Water exploitation index, plus (WEI+)",PC,Percentage,FI,Finland,2008,0.627283116,
06_60,LTAA_PC,"Water exploitation index, plus (WEI+)",PC,Percentage,FI,Finland,2009,0.721993879,
06_60,LTAA_PC,"Water exploitation index, plus (WEI+)",PC,Percentage,FI,Finland,2010,0.775978946,
06_60,LTAA_PC,"Water exploitation index, plus (WEI+)",PC,Percentage,FI,Finland,2011,0.682427493,
06_60,LTAA_PC,"Water exploitation index, plus (WEI+)",PC,Percentage,FI,Finland,2012,0.478610045,
06_60,LTAA_PC,"Water exploitation index, plus (WEI+)",PC,Percentage,FI,Finland,2013,0.734130208,
06_60,LTAA_PC,"Water exploitation index, plus (WEI+)",PC,Percentage,FI,Finland,2014,0.835253022,
06_60,LTAA_PC,"Water exploitation index, plus (WEI+)",PC,Percentage,FI,Finland,2015,0.594091074,
06_60,LTAA_PC,"Water exploitation index, plus (WEI+)",PC,Percentage,FI,Finland,2016,0.638641653,
06_60,LTAA_PC,"Water exploitation index, plus (WEI+)",PC,Percentage,FI,Finland,2017,0.56688493,
06_60,LTAA_PC,"Water exploitation index, plus (WEI+)",PC,Percentage,FI,Finland,2018,0.769304802,
06_60,LTAA_PC,"Water exploitation index, plus (WEI+)",PC,Percentage,FI,Finland,2019,0.791434333,
06_60,LTAA_PC,"Water exploitation index, plus (WEI+)",PC,Percentage,FI,Finland,2020,0.56578714,
06_60,LTAA_PC,"Water exploitation index, plus (WEI+)",PC,Percentage,FI,Finland,2021,0.603995663,
06_60,LTAA_PC,"Water exploitation index, plus (WEI+)",PC,Percentage,FI,Finland,2022,0.595060732,
06_60,LTAA_PC,"Water exploitation index, plus (WEI+)",PC,Percentage,FR,France,2000,2.975744512,
06_60,LTAA_PC,"Water exploitation index, plus (WEI+)",PC,Percentage,FR,France,2001,2.793749374,
06_60,LTAA_PC,"Water exploitation index, plus (WEI+)",PC,Percentage,FR,France,2002,3.263857719,
06_60,LTAA_PC,"Water exploitation index, plus (WEI+)",PC,Percentage,FR,France,2003,5.3222634,
06_60,LTAA_PC,"Water exploitation index, plus (WEI+)",PC,Percentage,FR,France,2004,4.645683703,
06_60,LTAA_PC,"Water exploitation index, plus (WEI+)",PC,Percentage,FR,France,2005,5.354891352,
06_60,LTAA_PC,"Water exploitation index, plus (WEI+)",PC,Percentage,FR,France,2006,4.312804463,
06_60,LTAA_PC,"Water exploitation index, plus (WEI+)",PC,Percentage,FR,France,2007,3.923252329,
06_60,LTAA_PC,"Water exploitation index, plus (WEI+)",PC,Percentage,FR,France,2008,2.604938816,
06_60,LTAA_PC,"Water exploitation index, plus (WEI+)",PC,Percentage,FR,France,2009,3.124949276,
06_60,LTAA_PC,"Water exploitation index, plus (WEI+)",PC,Percentage,FR,France,2010,3.055112743,
06_60,LTAA_PC,"Water exploitation index, plus (WEI+)",PC,Percentage,FR,France,2011,4.22127728,
06_60,LTAA_PC,"Water exploitation index, plus (WEI+)",PC,Percentage,FR,France,2012,3.353798768,
06_60,LTAA_PC,"Water exploitation index, plus (WEI+)",PC,Percentage,FR,France,2013,2.194163878,
06_60,LTAA_PC,"Water exploitation index, plus (WEI+)",PC,Percentage,FR,France,2014,2.196581589,
06_60,LTAA_PC,"Water exploitation index, plus (WEI+)",PC,Percentage,FR,France,2015,3.375199441,
06_60,LTAA_PC,"Water exploitation index, plus (WEI+)",PC,Percentage,FR,France,2016,2.883907611,
06_60,LTAA_PC,"Water exploitation index, plus (WEI+)",PC,Percentage,FR,France,2017,4.68616738,
06_60,LTAA_PC,"Water exploitation index, plus (WEI+)",PC,Percentage,FR,France,2018,2.376482124,
06_60,LTAA_PC,"Water exploitation index, plus (WEI+)",PC,Percentage,FR,France,2019,3.222618419,
06_60,LTAA_PC,"Water exploitation index, plus (WEI+)",PC,Percentage,FR,France,2020,3.539772013,
06_60,LTAA_PC,"Water exploitation index, plus (WEI+)",PC,Percentage,FR,France,2021,3.015652845,
06_60,LTAA_PC,"Water exploitation index, plus (WEI+)",PC,Percentage,FR,France,2022,4.767678929,
06_60,LTAA_PC,"Water exploitation index, plus (WEI+)",PC,Percentage,HR,Croatia,2000,0.179348908,
06_60,LTAA_PC,"Water exploitation index, plus (WEI+)",PC,Percentage,HR,Croatia,2001,0.171874494,
06_60,LTAA_PC,"Water exploitation index, plus (WEI+)",PC,Percentage,HR,Croatia,2002,0.146878428,
06_60,LTAA_PC,"Water exploitation index, plus (WEI+)",PC,Percentage,HR,Croatia,2003,0.159023369,
06_60,LTAA_PC,"Water exploitation index, plus (WEI+)",PC,Percentage,HR,Croatia,2004,0.149163006,
06_60,LTAA_PC,"Water exploitation index, plus (WEI+)",PC,Percentage,HR,Croatia,2005,0.177245293,
06_60,LTAA_PC,"Water exploitation index, plus (WEI+)",PC,Percentage,HR,Croatia,2006,0.179553051,
06_60,LTAA_PC,"Water exploitation index, plus (WEI+)",PC,Percentage,HR,Croatia,2007,0.180743132,
06_60,LTAA_PC,"Water exploitation index, plus (WEI+)",PC,Percentage,HR,Croatia,2008,0.175409506,
06_60,LTAA_PC,"Water exploitation index, plus (WEI+)",PC,Percentage,HR,Croatia,2009,0.173412421,
06_60,LTAA_PC,"Water exploitation index, plus (WEI+)",PC,Percentage,HR,Croatia,2010,0.183986982,
06_60,LTAA_PC,"Water exploitation index, plus (WEI+)",PC,Percentage,HR,Croatia,2011,0.201172452,
06_60,LTAA_PC,"Water exploitation index, plus (WEI+)",PC,Percentage,HR,Croatia,2012,0.157254129,
06_60,LTAA_PC,"Water exploitation index, plus (WEI+)",PC,Percentage,HR,Croatia,2013,0.161459857,
06_60,LTAA_PC,"Water exploitation index, plus (WEI+)",PC,Percentage,HR,Croatia,2014,0.098764207,
06_60,LTAA_PC,"Water exploitation index, plus (WEI+)",PC,Percentage,HR,Croatia,2015,0.146227765,
06_60,LTAA_PC,"Water exploitation index, plus (WEI+)",PC,Percentage,HR,Croatia,2016,0.126150606,
06_60,LTAA_PC,"Water exploitation index, plus (WEI+)",PC,Percentage,HR,Croatia,2017,0.209236825,
06_60,LTAA_PC,"Water exploitation index, plus (WEI+)",PC,Percentage,HR,Croatia,2018,0.199188597,
06_60,LTAA_PC,"Water exploitation index, plus (WEI+)",PC,Percentage,HR,Croatia,2019,0.199781767,
06_60,LTAA_PC,"Water exploitation index, plus (WEI+)",PC,Percentage,HR,Croatia,2020,0.24706925,
06_60,LTAA_PC,"Water exploitation index, plus (WEI+)",PC,Percentage,HR,Croatia,2021,0.237794828,
06_60,LTAA_PC,"Water exploitation index, plus (WEI+)",PC,Percentage,HR,Croatia,2022,0.256338613,
06_60,LTAA_PC,"Water exploitation index, plus (WEI+)",PC,Percentage,HU,Hungary,2000,2.077148449,
06_60,LTAA_PC,"Water exploitation index, plus (WEI+)",PC,Percentage,HU,Hungary,2001,2.422535416,
06_60,LTAA_PC,"Water exploitation index, plus (WEI+)",PC,Percentage,HU,Hungary,2002,2.343757659,
06_60,LTAA_PC,"Water exploitation index, plus (WEI+)",PC,Percentage,HU,Hungary,2003,3.595056489,
06_60,LTAA_PC,"Water exploitation index, plus (WEI+)",PC,Percentage,HU,Hungary,2004,2.791163408,
06_60,LTAA_PC,"Water exploitation index, plus (WEI+)",PC,Percentage,HU,Hungary,2005,2.108696741,
06_60,LTAA_PC,"Water exploitation index, plus (WEI+)",PC,Percentage,HU,Hungary,2006,1.999519353,
06_60,LTAA_PC,"Water exploitation index, plus (WEI+)",PC,Percentage,HU,Hungary,2007,2.933732369,
06_60,LTAA_PC,"Water exploitation index, plus (WEI+)",PC,Percentage,HU,Hungary,2008,3.006948203,
06_60,LTAA_PC,"Water exploitation index, plus (WEI+)",PC,Percentage,HU,Hungary,2009,2.686108922,
06_60,LTAA_PC,"Water exploitation index, plus (WEI+)",PC,Percentage,HU,Hungary,2010,1.848147548,
06_60,LTAA_PC,"Water exploitation index, plus (WEI+)",PC,Percentage,HU,Hungary,2011,2.700632845,
06_60,LTAA_PC,"Water exploitation index, plus (WEI+)",PC,Percentage,HU,Hungary,2012,2.494478612,
06_60,LTAA_PC,"Water exploitation index, plus (WEI+)",PC,Percentage,HU,Hungary,2013,1.753142362,
06_60,LTAA_PC,"Water exploitation index, plus (WEI+)",PC,Percentage,HU,Hungary,2014,1.967787801,
06_60,LTAA_PC,"Water exploitation index, plus (WEI+)",PC,Percentage,HU,Hungary,2015,2.432802224,
06_60,LTAA_PC,"Water exploitation index, plus (WEI+)",PC,Percentage,HU,Hungary,2016,2.16199759,
06_60,LTAA_PC,"Water exploitation index, plus (WEI+)",PC,Percentage,HU,Hungary,2017,1.366650125,
06_60,LTAA_PC,"Water exploitation index, plus (WEI+)",PC,Percentage,HU,Hungary,2018,1.325179856,
06_60,LTAA_PC,"Water exploitation index, plus (WEI+)",PC,Percentage,HU,Hungary,2019,1.365985569,
06_60,LTAA_PC,"Water exploitation index, plus (WEI+)",PC,Percentage,HU,Hungary,2020,1.423686866,
06_60,LTAA_PC,"Water exploitation index, plus (WEI+)",PC,Percentage,HU,Hungary,2021,1.371551242,
06_60,LTAA_PC,"Water exploitation index, plus (WEI+)",PC,Percentage,HU,Hungary,2022,1.693208981,
06_60,LTAA_PC,"Water exploitation index, plus (WEI+)",PC,Percentage,IE,Ireland,2000,0.736882539,
06_60,LTAA_PC,"Water exploitation index, plus (WEI+)",PC,Percentage,IE,Ireland,2001,1.072654809,
06_60,LTAA_PC,"Water exploitation index, plus (WEI+)",PC,Percentage,IE,Ireland,2002,0.771566674,
06_60,LTAA_PC,"Water exploitation index, plus (WEI+)",PC,Percentage,IE,Ireland,2003,1.137451625,
06_60,LTAA_PC,"Water exploitation index, plus (WEI+)",PC,Percentage,IE,Ireland,2004,1.007650891,
06_60,LTAA_PC,"Water exploitation index, plus (WEI+)",PC,Percentage,IE,Ireland,2005,1.024023934,
06_60,LTAA_PC,"Water exploitation index, plus (WEI+)",PC,Percentage,IE,Ireland,2006,0.980904092,
06_60,LTAA_PC,"Water exploitation index, plus (WEI+)",PC,Percentage,IE,Ireland,2007,1.033421937,
06_60,LTAA_PC,"Water exploitation index, plus (WEI+)",PC,Percentage,IE,Ireland,2008,0.823170362,
06_60,LTAA_PC,"Water exploitation index, plus (WEI+)",PC,Percentage,IE,Ireland,2009,0.78292208,
06_60,LTAA_PC,"Water exploitation index, plus (WEI+)",PC,Percentage,IE,Ireland,2010,1.087438546,
06_60,LTAA_PC,"Water exploitation index, plus (WEI+)",PC,Percentage,IE,Ireland,2011,0.936685742,
06_60,LTAA_PC,"Water exploitation index, plus (WEI+)",PC,Percentage,IE,Ireland,2012,0.890241086,
06_60,LTAA_PC,"Water exploitation index, plus (WEI+)",PC,Percentage,IE,Ireland,2013,0.997502467,
06_60,LTAA_PC,"Water exploitation index, plus (WEI+)",PC,Percentage,IE,Ireland,2014,0.740409419,
06_60,LTAA_PC,"Water exploitation index, plus (WEI+)",PC,Percentage,IE,Ireland,2015,0.780619275,
06_60,LTAA_PC,"Water exploitation index, plus (WEI+)",PC,Percentage,IE,Ireland,2016,0.917656091,
06_60,LTAA_PC,"Water exploitation index, plus (WEI+)",PC,Percentage,IE,Ireland,2017,1.093455245,
06_60,LTAA_PC,"Water exploitation index, plus (WEI+)",PC,Percentage,IE,Ireland,2018,0.972610561,
06_60,LTAA_PC,"Water exploitation index, plus (WEI+)",PC,Percentage,IE,Ireland,2019,1.150076062,
06_60,LTAA_PC,"Water exploitation index, plus (WEI+)",PC,Percentage,IE,Ireland,2020,0.780068638,
06_60,LTAA_PC,"Water exploitation index, plus (WEI+)",PC,Percentage,IE,Ireland,2021,0.979600874,
06_60,LTAA_PC,"Water exploitation index, plus (WEI+)",PC,Percentage,IE,Ireland,2022,1.149320966,
06_60,LTAA_PC,"Water exploitation index, plus (WEI+)",PC,Percentage,IS,Iceland,2000,0.114112579,
06_60,LTAA_PC,"Water exploitation index, plus (WEI+)",PC,Percentage,IS,Iceland,2001,0.117045765,
06_60,LTAA_PC,"Water exploitation index, plus (WEI+)",PC,Percentage,IS,Iceland,2002,0.107967766,
06_60,LTAA_PC,"Water exploitation index, plus (WEI+)",PC,Percentage,IS,Iceland,2003,0.107195363,
06_60,LTAA_PC,"Water exploitation index, plus (WEI+)",PC,Percentage,IS,Iceland,2004,0.107561119,
06_60,LTAA_PC,"Water exploitation index, plus (WEI+)",PC,Percentage,IS,Iceland,2005,0.118462329,
06_60,LTAA_PC,"Water exploitation index, plus (WEI+)",PC,Percentage,IS,Iceland,2006,0.070388738,
06_60,LTAA_PC,"Water exploitation index, plus (WEI+)",PC,Percentage,IS,Iceland,2007,0.068526621,
06_60,LTAA_PC,"Water exploitation index, plus (WEI+)",PC,Percentage,IS,Iceland,2008,0.077403567,
06_60,LTAA_PC,"Water exploitation index, plus (WEI+)",PC,Percentage,IS,Iceland,2009,0.07764407,
06_60,LTAA_PC,"Water exploitation index, plus (WEI+)",PC,Percentage,IS,Iceland,2010,0.127017134,
06_60,LTAA_PC,"Water exploitation index, plus (WEI+)",PC,Percentage,IS,Iceland,2011,0.090026595,
06_60,LTAA_PC,"Water exploitation index, plus (WEI+)",PC,Percentage,IS,Iceland,2012,0.088054234,
06_60,LTAA_PC,"Water exploitation index, plus (WEI+)",PC,Percentage,IS,Iceland,2013,0.203862046,
06_60,LTAA_PC,"Water exploitation index, plus (WEI+)",PC,Percentage,IS,Iceland,2014,0.187895273,
06_60,LTAA_PC,"Water exploitation index, plus (WEI+)",PC,Percentage,IS,Iceland,2015,0.15407573,
06_60,LTAA_PC,"Water exploitation index, plus (WEI+)",PC,Percentage,IS,Iceland,2016,0.174961551,
06_60,LTAA_PC,"Water exploitation index, plus (WEI+)",PC,Percentage,IS,Iceland,2017,0.120674174,
06_60,LTAA_PC,"Water exploitation index, plus (WEI+)",PC,Percentage,IS,Iceland,2018,0.142835643,
06_60,LTAA_PC,"Water exploitation index, plus (WEI+)",PC,Percentage,IS,Iceland,2019,0.158085077,
06_60,LTAA_PC,"Water exploitation index, plus (WEI+)",PC,Percentage,IS,Iceland,2020,0.121449392,
06_60,LTAA_PC,"Water exploitation index, plus (WEI+)",PC,Percentage,IS,Iceland,2021,0.163685046,
06_60,LTAA_PC,"Water exploitation index, plus (WEI+)",PC,Percentage,IS,Iceland,2022,0.144868788,
06_60,LTAA_PC,"Water exploitation index, plus (WEI+)",PC,Percentage,IT,Italy,2000,,
06_60,LTAA_PC,"Water exploitation index, plus (WEI+)",PC,Percentage,IT,Italy,2001,,
06_60,LTAA_PC,"Water exploitation index, plus (WEI+)",PC,Percentage,IT,Italy,2002,,
06_60,LTAA_PC,"Water exploitation index, plus (WEI+)",PC,Percentage,IT,Italy,2003,,
06_60,LTAA_PC,"Water exploitation index, plus (WEI+)",PC,Percentage,IT,Italy,2004,,
06_60,LTAA_PC,"Water exploitation index, plus (WEI+)",PC,Percentage,IT,Italy,2005,,
06_60,LTAA_PC,"Water exploitation index, plus (WEI+)",PC,Percentage,IT,Italy,2006,,
06_60,LTAA_PC,"Water exploitation index, plus (WEI+)",PC,Percentage,IT,Italy,2007,,
06_60,LTAA_PC,"Water exploitation index, plus (WEI+)",PC,Percentage,IT,Italy,2008,,
06_60,LTAA_PC,"Water exploitation index, plus (WEI+)",PC,Percentage,IT,Italy,2009,,
06_60,LTAA_PC,"Water exploitation index, plus (WEI+)",PC,Percentage,IT,Italy,2010,,
06_60,LTAA_PC,"Water exploitation index, plus (WEI+)",PC,Percentage,IT,Italy,2011,,
06_60,LTAA_PC,"Water exploitation index, plus (WEI+)",PC,Percentage,IT,Italy,2012,,
06_60,LTAA_PC,"Water exploitation index, plus (WEI+)",PC,Percentage,IT,Italy,2013,,
06_60,LTAA_PC,"Water exploitation index, plus (WEI+)",PC,Percentage,IT,Italy,2014,,
06_60,LTAA_PC,"Water exploitation index, plus (WEI+)",PC,Percentage,IT,Italy,2015,,
06_60,LTAA_PC,"Water exploitation index, plus (WEI+)",PC,Percentage,IT,Italy,2016,,
06_60,LTAA_PC,"Water exploitation index, plus (WEI+)",PC,Percentage,IT,Italy,2017,,
06_60,LTAA_PC,"Water exploitation index, plus (WEI+)",PC,Percentage,IT,Italy,2018,,
06_60,LTAA_PC,"Water exploitation index, plus (WEI+)",PC,Percentage,IT,Italy,2019,,
06_60,LTAA_PC,"Water exploitation index, plus (WEI+)",PC,Percentage,IT,Italy,2020,,
06_60,LTAA_PC,"Water exploitation index, plus (WEI+)",PC,Percentage,IT,Italy,2021,,
06_60,LTAA_PC,"Water exploitation index, plus (WEI+)",PC,Percentage,IT,Italy,2022,,
06_60,LTAA_PC,"Water exploitation index, plus (WEI+)",PC,Percentage,LI,Liechtenstein,2000,,
06_60,LTAA_PC,"Water exploitation index, plus (WEI+)",PC,Percentage,LI,Liechtenstein,2001,,
06_60,LTAA_PC,"Water exploitation index, plus (WEI+)",PC,Percentage,LI,Liechtenstein,2002,,
06_60,LTAA_PC,"Water exploitation index, plus (WEI+)",PC,Percentage,LI,Liechtenstein,2003,,
06_60,LTAA_PC,"Water exploitation index, plus (WEI+)",PC,Percentage,LI,Liechtenstein,2004,,
06_60,LTAA_PC,"Water exploitation index, plus (WEI+)",PC,Percentage,LI,Liechtenstein,2005,,
06_60,LTAA_PC,"Water exploitation index, plus (WEI+)",PC,Percentage,LI,Liechtenstein,2006,,
06_60,LTAA_PC,"Water exploitation index, plus (WEI+)",PC,Percentage,LI,Liechtenstein,2007,,
06_60,LTAA_PC,"Water exploitation index, plus (WEI+)",PC,Percentage,LI,Liechtenstein,2008,,
06_60,LTAA_PC,"Water exploitation index, plus (WEI+)",PC,Percentage,LI,Liechtenstein,2009,,
06_60,LTAA_PC,"Water exploitation index, plus (WEI+)",PC,Percentage,LI,Liechtenstein,2010,,
06_60,LTAA_PC,"Water exploitation index, plus (WEI+)",PC,Percentage,LI,Liechtenstein,2011,,
06_60,LTAA_PC,"Water exploitation index, plus (WEI+)",PC,Percentage,LI,Liechtenstein,2012,,
06_60,LTAA_PC,"Water exploitation index, plus (WEI+)",PC,Percentage,LI,Liechtenstein,2013,,
06_60,LTAA_PC,"Water exploitation index, plus (WEI+)",PC,Percentage,LI,Liechtenstein,2014,,
06_60,LTAA_PC,"Water exploitation index, plus (WEI+)",PC,Percentage,LI,Liechtenstein,2015,,
06_60,LTAA_PC,"Water exploitation index, plus (WEI+)",PC,Percentage,LI,Liechtenstein,2016,,
06_60,LTAA_PC,"Water exploitation index, plus (WEI+)",PC,Percentage,LI,Liechtenstein,2017,,
06_60,LTAA_PC,"Water exploitation index, plus (WEI+)",PC,Percentage,LI,Liechtenstein,2018,,
06_60,LTAA_PC,"Water exploitation index, plus (WEI+)",PC,Percentage,LI,Liechtenstein,2019,,
06_60,LTAA_PC,"Water exploitation index, plus (WEI+)",PC,Percentage,LI,Liechtenstein,2020,,
06_60,LTAA_PC,"Water exploitation index, plus (WEI+)",PC,Percentage,LI,Liechtenstein,2021,,
06_60,LTAA_PC,"Water exploitation index, plus (WEI+)",PC,Percentage,LI,Liechtenstein,2022,,
06_60,LTAA_PC,"Water exploitation index, plus (WEI+)",PC,Percentage,LT,Lithuania,2000,2.956566444,
06_60,LTAA_PC,"Water exploitation index, plus (WEI+)",PC,Percentage,LT,Lithuania,2001,3.366393398,
06_60,LTAA_PC,"Water exploitation index, plus (WEI+)",PC,Percentage,LT,Lithuania,2002,3.895018005,
06_60,LTAA_PC,"Water exploitation index, plus (WEI+)",PC,Percentage,LT,Lithuania,2003,5.802131271,
06_60,LTAA_PC,"Water exploitation index, plus (WEI+)",PC,Percentage,LT,Lithuania,2004,4.068841429,
06_60,LTAA_PC,"Water exploitation index, plus (WEI+)",PC,Percentage,LT,Lithuania,2005,3.015040225,
06_60,LTAA_PC,"Water exploitation index, plus (WEI+)",PC,Percentage,LT,Lithuania,2006,3.269570804,
06_60,LTAA_PC,"Water exploitation index, plus (WEI+)",PC,Percentage,LT,Lithuania,2007,2.614656426,
06_60,LTAA_PC,"Water exploitation index, plus (WEI+)",PC,Percentage,LT,Lithuania,2008,3.09185693,
06_60,LTAA_PC,"Water exploitation index, plus (WEI+)",PC,Percentage,LT,Lithuania,2009,3.418616642,
06_60,LTAA_PC,"Water exploitation index, plus (WEI+)",PC,Percentage,LT,Lithuania,2010,0.721362294,
06_60,LTAA_PC,"Water exploitation index, plus (WEI+)",PC,Percentage,LT,Lithuania,2011,0.660881206,
06_60,LTAA_PC,"Water exploitation index, plus (WEI+)",PC,Percentage,LT,Lithuania,2012,0.8060426,
06_60,LTAA_PC,"Water exploitation index, plus (WEI+)",PC,Percentage,LT,Lithuania,2013,0.5191409,
06_60,LTAA_PC,"Water exploitation index, plus (WEI+)",PC,Percentage,LT,Lithuania,2014,0.649540704,
06_60,LTAA_PC,"Water exploitation index, plus (WEI+)",PC,Percentage,LT,Lithuania,2015,0.734697655,
06_60,LTAA_PC,"Water exploitation index, plus (WEI+)",PC,Percentage,LT,Lithuania,2016,0.452563688,
06_60,LTAA_PC,"Water exploitation index, plus (WEI+)",PC,Percentage,LT,Lithuania,2017,0.271948622,
06_60,LTAA_PC,"Water exploitation index, plus (WEI+)",PC,Percentage,LT,Lithuania,2018,0.435863451,
06_60,LTAA_PC,"Water exploitation index, plus (WEI+)",PC,Percentage,LT,Lithuania,2019,0.495278989,
06_60,LTAA_PC,"Water exploitation index, plus (WEI+)",PC,Percentage,LT,Lithuania,2020,0.855192379,
06_60,LTAA_PC,"Water exploitation index, plus (WEI+)",PC,Percentage,LT,Lithuania,2021,0.63760837,
06_60,LTAA_PC,"Water exploitation index, plus (WEI+)",PC,Percentage,LT,Lithuania,2022,0.400407741,
06_60,LTAA_PC,"Water exploitation index, plus (WEI+)",PC,Percentage,LU,Luxembourg,2000,0.321822036,
06_60,LTAA_PC,"Water exploitation index, plus (WEI+)",PC,Percentage,LU,Luxembourg,2001,0.295047826,
06_60,LTAA_PC,"Water exploitation index, plus (WEI+)",PC,Percentage,LU,Luxembourg,2002,0.311779034,
06_60,LTAA_PC,"Water exploitation index, plus (WEI+)",PC,Percentage,LU,Luxembourg,2003,0.565645892,
06_60,LTAA_PC,"Water exploitation index, plus (WEI+)",PC,Percentage,LU,Luxembourg,2004,0.54681323,
06_60,LTAA_PC,"Water exploitation index, plus (WEI+)",PC,Percentage,LU,Luxembourg,2005,0.604440279,
06_60,LTAA_PC,"Water exploitation index, plus (WEI+)",PC,Percentage,LU,Luxembourg,2006,0.430918106,
06_60,LTAA_PC,"Water exploitation index, plus (WEI+)",PC,Percentage,LU,Luxembourg,2007,0.364318543,
06_60,LTAA_PC,"Water exploitation index, plus (WEI+)",PC,Percentage,LU,Luxembourg,2008,0.422825805,
06_60,LTAA_PC,"Water exploitation index, plus (WEI+)",PC,Percentage,LU,Luxembourg,2009,0.610793996,
06_60,LTAA_PC,"Water exploitation index, plus (WEI+)",PC,Percentage,LU,Luxembourg,2010,0.587653033,
06_60,LTAA_PC,"Water exploitation index, plus (WEI+)",PC,Percentage,LU,Luxembourg,2011,0.732327617,
06_60,LTAA_PC,"Water exploitation index, plus (WEI+)",PC,Percentage,LU,Luxembourg,2012,0.510269822,
06_60,LTAA_PC,"Water exploitation index, plus (WEI+)",PC,Percentage,LU,Luxembourg,2013,0.364318467,
06_60,LTAA_PC,"Water exploitation index, plus (WEI+)",PC,Percentage,LU,Luxembourg,2014,0.558005697,
06_60,LTAA_PC,"Water exploitation index, plus (WEI+)",PC,Percentage,LU,Luxembourg,2015,0.676646784,
06_60,LTAA_PC,"Water exploitation index, plus (WEI+)",PC,Percentage,LU,Luxembourg,2016,0.420710481,
06_60,LTAA_PC,"Water exploitation index, plus (WEI+)",PC,Percentage,LU,Luxembourg,2017,0.656721503,
06_60,LTAA_PC,"Water exploitation index, plus (WEI+)",PC,Percentage,LU,Luxembourg,2018,0.617731677,
06_60,LTAA_PC,"Water exploitation index, plus (WEI+)",PC,Percentage,LU,Luxembourg,2019,0.750047475,
06_60,LTAA_PC,"Water exploitation index, plus (WEI+)",PC,Percentage,LU,Luxembourg,2020,0.629686941,
06_60,LTAA_PC,"Water exploitation index, plus (WEI+)",PC,Percentage,LU,Luxembourg,2021,0.481168104,
06_60,LTAA_PC,"Water exploitation index, plus (WEI+)",PC,Percentage,LU,Luxembourg,2022,0.668241202,
06_60,LTAA_PC,"Water exploitation index, plus (WEI+)",PC,Percentage,LV,Latvia,2000,0.239471664,
06_60,LTAA_PC,"Water exploitation index, plus (WEI+)",PC,Percentage,LV,Latvia,2001,0.206606684,
06_60,LTAA_PC,"Water exploitation index, plus (WEI+)",PC,Percentage,LV,Latvia,2002,0.245302835,
06_60,LTAA_PC,"Water exploitation index, plus (WEI+)",PC,Percentage,LV,Latvia,2003,0.329493692,
06_60,LTAA_PC,"Water exploitation index, plus (WEI+)",PC,Percentage,LV,Latvia,2004,0.186921538,
06_60,LTAA_PC,"Water exploitation index, plus (WEI+)",PC,Percentage,LV,Latvia,2005,0.218695491,
06_60,LTAA_PC,"Water exploitation index, plus (WEI+)",PC,Percentage,LV,Latvia,2006,0.23411787,
06_60,LTAA_PC,"Water exploitation index, plus (WEI+)",PC,Percentage,LV,Latvia,2007,0.200891803,
06_60,LTAA_PC,"Water exploitation index, plus (WEI+)",PC,Percentage,LV,Latvia,2008,0.180674658,
06_60,LTAA_PC,"Water exploitation index, plus (WEI+)",PC,Percentage,LV,Latvia,2009,0.17140391,
06_60,LTAA_PC,"Water exploitation index, plus (WEI+)",PC,Percentage,LV,Latvia,2010,0.14831801,
06_60,LTAA_PC,"Water exploitation index, plus (WEI+)",PC,Percentage,LV,Latvia,2011,0.098140223,
06_60,LTAA_PC,"Water exploitation index, plus (WEI+)",PC,Percentage,LV,Latvia,2012,0.116336562,
06_60,LTAA_PC,"Water exploitation index, plus (WEI+)",PC,Percentage,LV,Latvia,2013,0.147231978,
06_60,LTAA_PC,"Water exploitation index, plus (WEI+)",PC,Percentage,LV,Latvia,2014,0.239705653,
06_60,LTAA_PC,"Water exploitation index, plus (WEI+)",PC,Percentage,LV,Latvia,2015,0.279543,
06_60,LTAA_PC,"Water exploitation index, plus (WEI+)",PC,Percentage,LV,Latvia,2016,0.210968341,
06_60,LTAA_PC,"Water exploitation index, plus (WEI+)",PC,Percentage,LV,Latvia,2017,0.128004839,
06_60,LTAA_PC,"Water exploitation index, plus (WEI+)",PC,Percentage,LV,Latvia,2018,0.222186589,
06_60,LTAA_PC,"Water exploitation index, plus (WEI+)",PC,Percentage,LV,Latvia,2019,0.239736657,
06_60,LTAA_PC,"Water exploitation index, plus (WEI+)",PC,Percentage,LV,Latvia,2020,0.216716888,
06_60,LTAA_PC,"Water exploitation index, plus (WEI+)",PC,Percentage,LV,Latvia,2021,0.212008397,
06_60,LTAA_PC,"Water exploitation index, plus (WEI+)",PC,Percentage,LV,Latvia,2022,0.197813925,
06_60,LTAA_PC,"Water exploitation index, plus (WEI+)",PC,Percentage,ME,Montenegro,2000,,
06_60,LTAA_PC,"Water exploitation index, plus (WEI+)",PC,Percentage,ME,Montenegro,2001,,
06_60,LTAA_PC,"Water exploitation index, plus (WEI+)",PC,Percentage,ME,Montenegro,2002,,
06_60,LTAA_PC,"Water exploitation index, plus (WEI+)",PC,Percentage,ME,Montenegro,2003,,
06_60,LTAA_PC,"Water exploitation index, plus (WEI+)",PC,Percentage,ME,Montenegro,2004,,
06_60,LTAA_PC,"Water exploitation index, plus (WEI+)",PC,Percentage,ME,Montenegro,2005,,
06_60,LTAA_PC,"Water exploitation index, plus (WEI+)",PC,Percentage,ME,Montenegro,2006,,
06_60,LTAA_PC,"Water exploitation index, plus (WEI+)",PC,Percentage,ME,Montenegro,2007,,
06_60,LTAA_PC,"Water exploitation index, plus (WEI+)",PC,Percentage,ME,Montenegro,2008,,
06_60,LTAA_PC,"Water exploitation index, plus (WEI+)",PC,Percentage,ME,Montenegro,2009,,
06_60,LTAA_PC,"Water exploitation index, plus (WEI+)",PC,Percentage,ME,Montenegro,2010,,
06_60,LTAA_PC,"Water exploitation index, plus (WEI+)",PC,Percentage,ME,Montenegro,2011,,
06_60,LTAA_PC,"Water exploitation index, plus (WEI+)",PC,Percentage,ME,Montenegro,2012,,
06_60,LTAA_PC,"Water exploitation index, plus (WEI+)",PC,Percentage,ME,Montenegro,2013,,
06_60,LTAA_PC,"Water exploitation index, plus (WEI+)",PC,Percentage,ME,Montenegro,2014,,
06_60,LTAA_PC,"Water exploitation index, plus (WEI+)",PC,Percentage,ME,Montenegro,2015,,
06_60,LTAA_PC,"Water exploitation index, plus (WEI+)",PC,Percentage,ME,Montenegro,2016,,
06_60,LTAA_PC,"Water exploitation index, plus (WEI+)",PC,Percentage,ME,Montenegro,2017,,
06_60,LTAA_PC,"Water exploitation index, plus (WEI+)",PC,Percentage,ME,Montenegro,2018,,
06_60,LTAA_PC,"Water exploitation index, plus (WEI+)",PC,Percentage,ME,Montenegro,2019,,
06_60,LTAA_PC,"Water exploitation index, plus (WEI+)",PC,Percentage,ME,Montenegro,2020,,
06_60,LTAA_PC,"Water exploitation index, plus (WEI+)",PC,Percentage,ME,Montenegro,2021,,
06_60,LTAA_PC,"Water exploitation index, plus (WEI+)",PC,Percentage,ME,Montenegro,2022,,
06_60,LTAA_PC,"Water exploitation index, plus (WEI+)",PC,Percentage,MK,North Macedonia,2000,4.947084284,
06_60,LTAA_PC,"Water exploitation index, plus (WEI+)",PC,Percentage,MK,North Macedonia,2001,5.482321955,
06_60,LTAA_PC,"Water exploitation index, plus (WEI+)",PC,Percentage,MK,North Macedonia,2002,2.933403006,
06_60,LTAA_PC,"Water exploitation index, plus (WEI+)",PC,Percentage,MK,North Macedonia,2003,4.187879497,
06_60,LTAA_PC,"Water exploitation index, plus (WEI+)",PC,Percentage,MK,North Macedonia,2004,6.419149025,
06_60,LTAA_PC,"Water exploitation index, plus (WEI+)",PC,Percentage,MK,North Macedonia,2005,6.675227247,
06_60,LTAA_PC,"Water exploitation index, plus (WEI+)",PC,Percentage,MK,North Macedonia,2006,4.36255152,
06_60,LTAA_PC,"Water exploitation index, plus (WEI+)",PC,Percentage,MK,North Macedonia,2007,3.11775199,
06_60,LTAA_PC,"Water exploitation index, plus (WEI+)",PC,Percentage,MK,North Macedonia,2008,5.01505055,
06_60,LTAA_PC,"Water exploitation index, plus (WEI+)",PC,Percentage,MK,North Macedonia,2009,4.473688467,
06_60,LTAA_PC,"Water exploitation index, plus (WEI+)",PC,Percentage,MK,North Macedonia,2010,3.147815185,
06_60,LTAA_PC,"Water exploitation index, plus (WEI+)",PC,Percentage,MK,North Macedonia,2011,5.502123831,
06_60,LTAA_PC,"Water exploitation index, plus (WEI+)",PC,Percentage,MK,North Macedonia,2012,12.76431886,
06_60,LTAA_PC,"Water exploitation index, plus (WEI+)",PC,Percentage,MK,North Macedonia,2013,2.250780947,
06_60,LTAA_PC,"Water exploitation index, plus (WEI+)",PC,Percentage,MK,North Macedonia,2014,2.106421682,
06_60,LTAA_PC,"Water exploitation index, plus (WEI+)",PC,Percentage,MK,North Macedonia,2015,2.757513358,
06_60,LTAA_PC,"Water exploitation index, plus (WEI+)",PC,Percentage,MK,North Macedonia,2016,1.953297545,
06_60,LTAA_PC,"Water exploitation index, plus (WEI+)",PC,Percentage,MK,North Macedonia,2017,3.583993339,
06_60,LTAA_PC,"Water exploitation index, plus (WEI+)",PC,Percentage,MK,North Macedonia,2018,1.872816994,
06_60,LTAA_PC,"Water exploitation index, plus (WEI+)",PC,Percentage,MK,North Macedonia,2019,3.251036619,
06_60,LTAA_PC,"Water exploitation index, plus (WEI+)",PC,Percentage,MK,North Macedonia,2020,4.658133196,
06_60,LTAA_PC,"Water exploitation index, plus (WEI+)",PC,Percentage,MK,North Macedonia,2021,3.799137439,
06_60,LTAA_PC,"Water exploitation index, plus (WEI+)",PC,Percentage,MK,North Macedonia,2022,5.080740812,
06_60,LTAA_PC,"Water exploitation index, plus (WEI+)",PC,Percentage,MT,Malta,2000,28.45489538,
06_60,LTAA_PC,"Water exploitation index, plus (WEI+)",PC,Percentage,MT,Malta,2001,36.00491393,
06_60,LTAA_PC,"Water exploitation index, plus (WEI+)",PC,Percentage,MT,Malta,2002,29.21580407,
06_60,LTAA_PC,"Water exploitation index, plus (WEI+)",PC,Percentage,MT,Malta,2003,16.30274208,
06_60,LTAA_PC,"Water exploitation index, plus (WEI+)",PC,Percentage,MT,Malta,2004,26.45560616,
06_60,LTAA_PC,"Water exploitation index, plus (WEI+)",PC,Percentage,MT,Malta,2005,26.62577231,
06_60,LTAA_PC,"Water exploitation index, plus (WEI+)",PC,Percentage,MT,Malta,2006,26.48148122,
06_60,LTAA_PC,"Water exploitation index, plus (WEI+)",PC,Percentage,MT,Malta,2007,26.44865648,
06_60,LTAA_PC,"Water exploitation index, plus (WEI+)",PC,Percentage,MT,Malta,2008,31.36749717,
06_60,LTAA_PC,"Water exploitation index, plus (WEI+)",PC,Percentage,MT,Malta,2009,21.91349957,
06_60,LTAA_PC,"Water exploitation index, plus (WEI+)",PC,Percentage,MT,Malta,2010,33.0188566,
06_60,LTAA_PC,"Water exploitation index, plus (WEI+)",PC,Percentage,MT,Malta,2011,28.794797,
06_60,LTAA_PC,"Water exploitation index, plus (WEI+)",PC,Percentage,MT,Malta,2012,30.05616885,
06_60,LTAA_PC,"Water exploitation index, plus (WEI+)",PC,Percentage,MT,Malta,2013,35.7649045,
06_60,LTAA_PC,"Water exploitation index, plus (WEI+)",PC,Percentage,MT,Malta,2014,33.87946671,
06_60,LTAA_PC,"Water exploitation index, plus (WEI+)",PC,Percentage,MT,Malta,2015,32.06759435,
06_60,LTAA_PC,"Water exploitation index, plus (WEI+)",PC,Percentage,MT,Malta,2016,42.7346116,
06_60,LTAA_PC,"Water exploitation index, plus (WEI+)",PC,Percentage,MT,Malta,2017,35.59465167,
06_60,LTAA_PC,"Water exploitation index, plus (WEI+)",PC,Percentage,MT,Malta,2018,27.03642995,
06_60,LTAA_PC,"Water exploitation index, plus (WEI+)",PC,Percentage,MT,Malta,2019,27.13896061,
06_60,LTAA_PC,"Water exploitation index, plus (WEI+)",PC,Percentage,MT,Malta,2020,34.39224589,
06_60,LTAA_PC,"Water exploitation index, plus (WEI+)",PC,Percentage,MT,Malta,2021,26.00203174,
06_60,LTAA_PC,"Water exploitation index, plus (WEI+)",PC,Percentage,MT,Malta,2022,34.06149101,
06_60,LTAA_PC,"Water exploitation index, plus (WEI+)",PC,Percentage,NL,Netherlands,2000,1.495178088,
06_60,LTAA_PC,"Water exploitation index, plus (WEI+)",PC,Percentage,NL,Netherlands,2001,1.693647924,
06_60,LTAA_PC,"Water exploitation index, plus (WEI+)",PC,Percentage,NL,Netherlands,2002,1.901231033,
06_60,LTAA_PC,"Water exploitation index, plus (WEI+)",PC,Percentage,NL,Netherlands,2003,3.471715869,
06_60,LTAA_PC,"Water exploitation index, plus (WEI+)",PC,Percentage,NL,Netherlands,2004,3.701994454,
06_60,LTAA_PC,"Water exploitation index, plus (WEI+)",PC,Percentage,NL,Netherlands,2005,3.59081724,
06_60,LTAA_PC,"Water exploitation index, plus (WEI+)",PC,Percentage,NL,Netherlands,2006,3.007920983,
06_60,LTAA_PC,"Water exploitation index, plus (WEI+)",PC,Percentage,NL,Netherlands,2007,2.617912904,
06_60,LTAA_PC,"Water exploitation index, plus (WEI+)",PC,Percentage,NL,Netherlands,2008,3.218409838,
06_60,LTAA_PC,"Water exploitation index, plus (WEI+)",PC,Percentage,NL,Netherlands,2009,3.796739016,
06_60,LTAA_PC,"Water exploitation index, plus (WEI+)",PC,Percentage,NL,Netherlands,2010,2.955669017,
06_60,LTAA_PC,"Water exploitation index, plus (WEI+)",PC,Percentage,NL,Netherlands,2011,3.384997252,
06_60,LTAA_PC,"Water exploitation index, plus (WEI+)",PC,Percentage,NL,Netherlands,2012,2.858478807,
06_60,LTAA_PC,"Water exploitation index, plus (WEI+)",PC,Percentage,NL,Netherlands,2013,2.707365562,
06_60,LTAA_PC,"Water exploitation index, plus (WEI+)",PC,Percentage,NL,Netherlands,2014,2.76792745,
06_60,LTAA_PC,"Water exploitation index, plus (WEI+)",PC,Percentage,NL,Netherlands,2015,2.290106338,
06_60,LTAA_PC,"Water exploitation index, plus (WEI+)",PC,Percentage,NL,Netherlands,2016,2.142180262,
06_60,LTAA_PC,"Water exploitation index, plus (WEI+)",PC,Percentage,NL,Netherlands,2017,2.79777368,
06_60,LTAA_PC,"Water exploitation index, plus (WEI+)",PC,Percentage,NL,Netherlands,2018,2.722093384,
06_60,LTAA_PC,"Water exploitation index, plus (WEI+)",PC,Percentage,NL,Netherlands,2019,2.865212712,
06_60,LTAA_PC,"Water exploitation index, plus (WEI+)",PC,Percentage,NL,Netherlands,2020,2.964941725,
06_60,LTAA_PC,"Water exploitation index, plus (WEI+)",PC,Percentage,NL,Netherlands,2021,2.323914759,
06_60,LTAA_PC,"Water exploitation index, plus (WEI+)",PC,Percentage,NL,Netherlands,2022,3.984883948,
06_60,LTAA_PC,"Water exploitation index, plus (WEI+)",PC,Percentage,NO,Norway,2000,0.142770334,
06_60,LTAA_PC,"Water exploitation index, plus (WEI+)",PC,Percentage,NO,Norway,2001,0.160866755,
06_60,LTAA_PC,"Water exploitation index, plus (WEI+)",PC,Percentage,NO,Norway,2002,0.150539183,
06_60,LTAA_PC,"Water exploitation index, plus (WEI+)",PC,Percentage,NO,Norway,2003,0.160712032,
06_60,LTAA_PC,"Water exploitation index, plus (WEI+)",PC,Percentage,NO,Norway,2004,0.160799369,
06_60,LTAA_PC,"Water exploitation index, plus (WEI+)",PC,Percentage,NO,Norway,2005,0.156415457,
06_60,LTAA_PC,"Water exploitation index, plus (WEI+)",PC,Percentage,NO,Norway,2006,0.186135531,
06_60,LTAA_PC,"Water exploitation index, plus (WEI+)",PC,Percentage,NO,Norway,2007,0.162333718,
06_60,LTAA_PC,"Water exploitation index, plus (WEI+)",PC,Percentage,NO,Norway,2008,0.172336234,
06_60,LTAA_PC,"Water exploitation index, plus (WEI+)",PC,Percentage,NO,Norway,2009,0.169605915,
06_60,LTAA_PC,"Water exploitation index, plus (WEI+)",PC,Percentage,NO,Norway,2010,0.223186107,
06_60,LTAA_PC,"Water exploitation index, plus (WEI+)",PC,Percentage,NO,Norway,2011,0.159754274,
06_60,LTAA_PC,"Water exploitation index, plus (WEI+)",PC,Percentage,NO,Norway,2012,0.170639833,
06_60,LTAA_PC,"Water exploitation index, plus (WEI+)",PC,Percentage,NO,Norway,2013,0.178983027,
06_60,LTAA_PC,"Water exploitation index, plus (WEI+)",PC,Percentage,NO,Norway,2014,0.173011542,
06_60,LTAA_PC,"Water exploitation index, plus (WEI+)",PC,Percentage,NO,Norway,2015,0.148448683,
06_60,LTAA_PC,"Water exploitation index, plus (WEI+)",PC,Percentage,NO,Norway,2016,0.182618827,
06_60,LTAA_PC,"Water exploitation index, plus (WEI+)",PC,Percentage,NO,Norway,2017,0.153752796,
06_60,LTAA_PC,"Water exploitation index, plus (WEI+)",PC,Percentage,NO,Norway,2018,0.176508281,
06_60,LTAA_PC,"Water exploitation index, plus (WEI+)",PC,Percentage,NO,Norway,2019,0.064282442,
06_60,LTAA_PC,"Water exploitation index, plus (WEI+)",PC,Percentage,NO,Norway,2020,0.14431634,
06_60,LTAA_PC,"Water exploitation index, plus (WEI+)",PC,Percentage,NO,Norway,2021,0.210466926,
06_60,LTAA_PC,"Water exploitation index, plus (WEI+)",PC,Percentage,NO,Norway,2022,0.06632399,
06_60,LTAA_PC,"Water exploitation index, plus (WEI+)",PC,Percentage,PL,Poland,2000,5.22686557,
06_60,LTAA_PC,"Water exploitation index, plus (WEI+)",PC,Percentage,PL,Poland,2001,4.92445011,
06_60,LTAA_PC,"Water exploitation index, plus (WEI+)",PC,Percentage,PL,Poland,2002,4.94586904,
06_60,LTAA_PC,"Water exploitation index, plus (WEI+)",PC,Percentage,PL,Poland,2003,7.120986269,
06_60,LTAA_PC,"Water exploitation index, plus (WEI+)",PC,Percentage,PL,Poland,2004,6.685333762,
06_60,LTAA_PC,"Water exploitation index, plus (WEI+)",PC,Percentage,PL,Poland,2005,5.850267668,
06_60,LTAA_PC,"Water exploitation index, plus (WEI+)",PC,Percentage,PL,Poland,2006,6.902995378,
06_60,LTAA_PC,"Water exploitation index, plus (WEI+)",PC,Percentage,PL,Poland,2007,6.020796778,
06_60,LTAA_PC,"Water exploitation index, plus (WEI+)",PC,Percentage,PL,Poland,2008,5.902646281,
06_60,LTAA_PC,"Water exploitation index, plus (WEI+)",PC,Percentage,PL,Poland,2009,5.886431572,
06_60,LTAA_PC,"Water exploitation index, plus (WEI+)",PC,Percentage,PL,Poland,2010,3.836057699,
06_60,LTAA_PC,"Water exploitation index, plus (WEI+)",PC,Percentage,PL,Poland,2011,4.500585282,
06_60,LTAA_PC,"Water exploitation index, plus (WEI+)",PC,Percentage,PL,Poland,2012,6.461924967,
06_60,LTAA_PC,"Water exploitation index, plus (WEI+)",PC,Percentage,PL,Poland,2013,4.858102735,
06_60,LTAA_PC,"Water exploitation index, plus (WEI+)",PC,Percentage,PL,Poland,2014,6.201961506,
06_60,LTAA_PC,"Water exploitation index, plus (WEI+)",PC,Percentage,PL,Poland,2015,7.740169139,
06_60,LTAA_PC,"Water exploitation index, plus (WEI+)",PC,Percentage,PL,Poland,2016,7.589509264,
06_60,LTAA_PC,"Water exploitation index, plus (WEI+)",PC,Percentage,PL,Poland,2017,4.999503714,
06_60,LTAA_PC,"Water exploitation index, plus (WEI+)",PC,Percentage,PL,Poland,2018,5.206995886,
06_60,LTAA_PC,"Water exploitation index, plus (WEI+)",PC,Percentage,PL,Poland,2019,6.828568827,
06_60,LTAA_PC,"Water exploitation index, plus (WEI+)",PC,Percentage,PL,Poland,2020,6.223435232,
06_60,LTAA_PC,"Water exploitation index, plus (WEI+)",PC,Percentage,PL,Poland,2021,5.105721095,
06_60,LTAA_PC,"Water exploitation index, plus (WEI+)",PC,Percentage,PL,Poland,2022,6.330774527,
06_60,LTAA_PC,"Water exploitation index, plus (WEI+)",PC,Percentage,PT,Portugal,2000,14.73921191,
06_60,LTAA_PC,"Water exploitation index, plus (WEI+)",PC,Percentage,PT,Portugal,2001,7.056074477,
06_60,LTAA_PC,"Water exploitation index, plus (WEI+)",PC,Percentage,PT,Portugal,2002,21.88932347,
06_60,LTAA_PC,"Water exploitation index, plus (WEI+)",PC,Percentage,PT,Portugal,2003,6.641296003,
06_60,LTAA_PC,"Water exploitation index, plus (WEI+)",PC,Percentage,PT,Portugal,2004,10.26927408,
06_60,LTAA_PC,"Water exploitation index, plus (WEI+)",PC,Percentage,PT,Portugal,2005,20.35840726,
06_60,LTAA_PC,"Water exploitation index, plus (WEI+)",PC,Percentage,PT,Portugal,2006,20.58184436,
06_60,LTAA_PC,"Water exploitation index, plus (WEI+)",PC,Percentage,PT,Portugal,2007,8.100531925,
06_60,LTAA_PC,"Water exploitation index, plus (WEI+)",PC,Percentage,PT,Portugal,2008,14.17340856,
06_60,LTAA_PC,"Water exploitation index, plus (WEI+)",PC,Percentage,PT,Portugal,2009,12.56771391,
06_60,LTAA_PC,"Water exploitation index, plus (WEI+)",PC,Percentage,PT,Portugal,2010,4.774031376,
06_60,LTAA_PC,"Water exploitation index, plus (WEI+)",PC,Percentage,PT,Portugal,2011,7.837349561,
06_60,LTAA_PC,"Water exploitation index, plus (WEI+)",PC,Percentage,PT,Portugal,2012,14.39766178,
06_60,LTAA_PC,"Water exploitation index, plus (WEI+)",PC,Percentage,PT,Portugal,2013,7.552834046,
06_60,LTAA_PC,"Water exploitation index, plus (WEI+)",PC,Percentage,PT,Portugal,2014,7.634421905,
06_60,LTAA_PC,"Water exploitation index, plus (WEI+)",PC,Percentage,PT,Portugal,2015,13.03773918,
06_60,LTAA_PC,"Water exploitation index, plus (WEI+)",PC,Percentage,PT,Portugal,2016,5.423850822,
06_60,LTAA_PC,"Water exploitation index, plus (WEI+)",PC,Percentage,PT,Portugal,2017,12.57781589,
06_60,LTAA_PC,"Water exploitation index, plus (WEI+)",PC,Percentage,PT,Portugal,2018,8.01597787,
06_60,LTAA_PC,"Water exploitation index, plus (WEI+)",PC,Percentage,PT,Portugal,2019,8.738173108,
06_60,LTAA_PC,"Water exploitation index, plus (WEI+)",PC,Percentage,PT,Portugal,2020,7.962680703,
06_60,LTAA_PC,"Water exploitation index, plus (WEI+)",PC,Percentage,PT,Portugal,2021,7.971684374,
06_60,LTAA_PC,"Water exploitation index, plus (WEI+)",PC,Percentage,PT,Portugal,2022,10.08751521,
06_60,LTAA_PC,"Water exploitation index, plus (WEI+)",PC,Percentage,RO,Romania,2000,13.16951207,
06_60,LTAA_PC,"Water exploitation index, plus (WEI+)",PC,Percentage,RO,Romania,2001,11.84313938,
06_60,LTAA_PC,"Water exploitation index, plus (WEI+)",PC,Percentage,RO,Romania,2002,13.11400098,
06_60,LTAA_PC,"Water exploitation index, plus (WEI+)",PC,Percentage,RO,Romania,2003,16.37508353,
06_60,LTAA_PC,"Water exploitation index, plus (WEI+)",PC,Percentage,RO,Romania,2004,8.983297352,
06_60,LTAA_PC,"Water exploitation index, plus (WEI+)",PC,Percentage,RO,Romania,2005,6.104650228,
06_60,LTAA_PC,"Water exploitation index, plus (WEI+)",PC,Percentage,RO,Romania,2006,6.168518301,
06_60,LTAA_PC,"Water exploitation index, plus (WEI+)",PC,Percentage,RO,Romania,2007,11.80226731,
06_60,LTAA_PC,"Water exploitation index, plus (WEI+)",PC,Percentage,RO,Romania,2008,12.26898022,
06_60,LTAA_PC,"Water exploitation index, plus (WEI+)",PC,Percentage,RO,Romania,2009,13.84253867,
06_60,LTAA_PC,"Water exploitation index, plus (WEI+)",PC,Percentage,RO,Romania,2010,9.868972548,
06_60,LTAA_PC,"Water exploitation index, plus (WEI+)",PC,Percentage,RO,Romania,2011,20.23027927,
06_60,LTAA_PC,"Water exploitation index, plus (WEI+)",PC,Percentage,RO,Romania,2012,24.4239546,
06_60,LTAA_PC,"Water exploitation index, plus (WEI+)",PC,Percentage,RO,Romania,2013,18.1222113,
06_60,LTAA_PC,"Water exploitation index, plus (WEI+)",PC,Percentage,RO,Romania,2014,22.96970613,
06_60,LTAA_PC,"Water exploitation index, plus (WEI+)",PC,Percentage,RO,Romania,2015,23.1594228,
06_60,LTAA_PC,"Water exploitation index, plus (WEI+)",PC,Percentage,RO,Romania,2016,15.31173735,
06_60,LTAA_PC,"Water exploitation index, plus (WEI+)",PC,Percentage,RO,Romania,2017,20.93166133,
06_60,LTAA_PC,"Water exploitation index, plus (WEI+)",PC,Percentage,RO,Romania,2018,17.76806304,
06_60,LTAA_PC,"Water exploitation index, plus (WEI+)",PC,Percentage,RO,Romania,2019,18.31593798,
06_60,LTAA_PC,"Water exploitation index, plus (WEI+)",PC,Percentage,RO,Romania,2020,23.24961513,
06_60,LTAA_PC,"Water exploitation index, plus (WEI+)",PC,Percentage,RO,Romania,2021,18.51220398,
06_60,LTAA_PC,"Water exploitation index, plus (WEI+)",PC,Percentage,RO,Romania,2022,20.9529016,
06_60,LTAA_PC,"Water exploitation index, plus (WEI+)",PC,Percentage,RS,Serbia,2000,0.981809715,
06_60,LTAA_PC,"Water exploitation index, plus (WEI+)",PC,Percentage,RS,Serbia,2001,1.019656429,
06_60,LTAA_PC,"Water exploitation index, plus (WEI+)",PC,Percentage,RS,Serbia,2002,0.943599261,
06_60,LTAA_PC,"Water exploitation index, plus (WEI+)",PC,Percentage,RS,Serbia,2003,1.41011351,
06_60,LTAA_PC,"Water exploitation index, plus (WEI+)",PC,Percentage,RS,Serbia,2004,0.900442671,
06_60,LTAA_PC,"Water exploitation index, plus (WEI+)",PC,Percentage,RS,Serbia,2005,0.979449344,
06_60,LTAA_PC,"Water exploitation index, plus (WEI+)",PC,Percentage,RS,Serbia,2006,0.933717754,
06_60,LTAA_PC,"Water exploitation index, plus (WEI+)",PC,Percentage,RS,Serbia,2007,1.175153686,
06_60,LTAA_PC,"Water exploitation index, plus (WEI+)",PC,Percentage,RS,Serbia,2008,1.161208226,
06_60,LTAA_PC,"Water exploitation index, plus (WEI+)",PC,Percentage,RS,Serbia,2009,0.999913206,
06_60,LTAA_PC,"Water exploitation index, plus (WEI+)",PC,Percentage,RS,Serbia,2010,0.709516649,
06_60,LTAA_PC,"Water exploitation index, plus (WEI+)",PC,Percentage,RS,Serbia,2011,1.438180384,
06_60,LTAA_PC,"Water exploitation index, plus (WEI+)",PC,Percentage,RS,Serbia,2012,1.125837644,
06_60,LTAA_PC,"Water exploitation index, plus (WEI+)",PC,Percentage,RS,Serbia,2013,0.887790921,
06_60,LTAA_PC,"Water exploitation index, plus (WEI+)",PC,Percentage,RS,Serbia,2014,0.738152989,
06_60,LTAA_PC,"Water exploitation index, plus (WEI+)",PC,Percentage,RS,Serbia,2015,1.065784628,
06_60,LTAA_PC,"Water exploitation index, plus (WEI+)",PC,Percentage,RS,Serbia,2016,0.9538313,
06_60,LTAA_PC,"Water exploitation index, plus (WEI+)",PC,Percentage,RS,Serbia,2017,1.293278014,
06_60,LTAA_PC,"Water exploitation index, plus (WEI+)",PC,Percentage,RS,Serbia,2018,1.204070298,
06_60,LTAA_PC,"Water exploitation index, plus (WEI+)",PC,Percentage,RS,Serbia,2019,1.30565832,
06_60,LTAA_PC,"Water exploitation index, plus (WEI+)",PC,Percentage,RS,Serbia,2020,1.307164002,
06_60,LTAA_PC,"Water exploitation index, plus (WEI+)",PC,Percentage,RS,Serbia,2021,1.073320278,
06_60,LTAA_PC,"Water exploitation index, plus (WEI+)",PC,Percentage,RS,Serbia,2022,1.272305849,
06_60,LTAA_PC,"Water exploitation index, plus (WEI+)",PC,Percentage,SE,Sweden,2000,0.285983294,
06_60,LTAA_PC,"Water exploitation index, plus (WEI+)",PC,Percentage,SE,Sweden,2001,0.343979029,
06_60,LTAA_PC,"Water exploitation index, plus (WEI+)",PC,Percentage,SE,Sweden,2002,0.441243115,
06_60,LTAA_PC,"Water exploitation index, plus (WEI+)",PC,Percentage,SE,Sweden,2003,0.467988547,
06_60,LTAA_PC,"Water exploitation index, plus (WEI+)",PC,Percentage,SE,Sweden,2004,0.376972169,
06_60,LTAA_PC,"Water exploitation index, plus (WEI+)",PC,Percentage,SE,Sweden,2005,0.375527058,
06_60,LTAA_PC,"Water exploitation index, plus (WEI+)",PC,Percentage,SE,Sweden,2006,0.380308255,
06_60,LTAA_PC,"Water exploitation index, plus (WEI+)",PC,Percentage,SE,Sweden,2007,0.367373969,
06_60,LTAA_PC,"Water exploitation index, plus (WEI+)",PC,Percentage,SE,Sweden,2008,0.353477132,
06_60,LTAA_PC,"Water exploitation index, plus (WEI+)",PC,Percentage,SE,Sweden,2009,0.38127377,
06_60,LTAA_PC,"Water exploitation index, plus (WEI+)",PC,Percentage,SE,Sweden,2010,0.406576909,
06_60,LTAA_PC,"Water exploitation index, plus (WEI+)",PC,Percentage,SE,Sweden,2011,0.32078317,
06_60,LTAA_PC,"Water exploitation index, plus (WEI+)",PC,Percentage,SE,Sweden,2012,0.295745967,
06_60,LTAA_PC,"Water exploitation index, plus (WEI+)",PC,Percentage,SE,Sweden,2013,0.357017974,
06_60,LTAA_PC,"Water exploitation index, plus (WEI+)",PC,Percentage,SE,Sweden,2014,0.33630322,
06_60,LTAA_PC,"Water exploitation index, plus (WEI+)",PC,Percentage,SE,Sweden,2015,0.258509227,
06_60,LTAA_PC,"Water exploitation index, plus (WEI+)",PC,Percentage,SE,Sweden,2016,0.354547538,
06_60,LTAA_PC,"Water exploitation index, plus (WEI+)",PC,Percentage,SE,Sweden,2017,0.309012147,
06_60,LTAA_PC,"Water exploitation index, plus (WEI+)",PC,Percentage,SE,Sweden,2018,0.369025699,
06_60,LTAA_PC,"Water exploitation index, plus (WEI+)",PC,Percentage,SE,Sweden,2019,0.316738468,
06_60,LTAA_PC,"Water exploitation index, plus (WEI+)",PC,Percentage,SE,Sweden,2020,0.290124077,
06_60,LTAA_PC,"Water exploitation index, plus (WEI+)",PC,Percentage,SE,Sweden,2021,0.227453708,
06_60,LTAA_PC,"Water exploitation index, plus (WEI+)",PC,Percentage,SE,Sweden,2022,0.296628856,
06_60,LTAA_PC,"Water exploitation index, plus (WEI+)",PC,Percentage,SI,Slovenia,2000,0.418613025,
06_60,LTAA_PC,"Water exploitation index, plus (WEI+)",PC,Percentage,SI,Slovenia,2001,0.514480923,
06_60,LTAA_PC,"Water exploitation index, plus (WEI+)",PC,Percentage,SI,Slovenia,2002,0.553793282,
06_60,LTAA_PC,"Water exploitation index, plus (WEI+)",PC,Percentage,SI,Slovenia,2003,0.808407477,
06_60,LTAA_PC,"Water exploitation index, plus (WEI+)",PC,Percentage,SI,Slovenia,2004,0.555019016,
06_60,LTAA_PC,"Water exploitation index, plus (WEI+)",PC,Percentage,SI,Slovenia,2005,0.601818305,
06_60,LTAA_PC,"Water exploitation index, plus (WEI+)",PC,Percentage,SI,Slovenia,2006,0.639615449,
06_60,LTAA_PC,"Water exploitation index, plus (WEI+)",PC,Percentage,SI,Slovenia,2007,0.736293758,
06_60,LTAA_PC,"Water exploitation index, plus (WEI+)",PC,Percentage,SI,Slovenia,2008,0.613986361,
06_60,LTAA_PC,"Water exploitation index, plus (WEI+)",PC,Percentage,SI,Slovenia,2009,0.497865867,
06_60,LTAA_PC,"Water exploitation index, plus (WEI+)",PC,Percentage,SI,Slovenia,2010,0.458380943,
06_60,LTAA_PC,"Water exploitation index, plus (WEI+)",PC,Percentage,SI,Slovenia,2011,0.692420064,
06_60,LTAA_PC,"Water exploitation index, plus (WEI+)",PC,Percentage,SI,Slovenia,2012,0.537418115,
06_60,LTAA_PC,"Water exploitation index, plus (WEI+)",PC,Percentage,SI,Slovenia,2013,0.446315966,
06_60,LTAA_PC,"Water exploitation index, plus (WEI+)",PC,Percentage,SI,Slovenia,2014,0.34372502,
06_60,LTAA_PC,"Water exploitation index, plus (WEI+)",PC,Percentage,SI,Slovenia,2015,0.645943782,
06_60,LTAA_PC,"Water exploitation index, plus (WEI+)",PC,Percentage,SI,Slovenia,2016,0.547838175,
06_60,LTAA_PC,"Water exploitation index, plus (WEI+)",PC,Percentage,SI,Slovenia,2017,0.612584924,
06_60,LTAA_PC,"Water exploitation index, plus (WEI+)",PC,Percentage,SI,Slovenia,2018,0.578393116,
06_60,LTAA_PC,"Water exploitation index, plus (WEI+)",PC,Percentage,SI,Slovenia,2019,0.566747436,
06_60,LTAA_PC,"Water exploitation index, plus (WEI+)",PC,Percentage,SI,Slovenia,2020,0.605904793,
06_60,LTAA_PC,"Water exploitation index, plus (WEI+)",PC,Percentage,SI,Slovenia,2021,0.53696779,
06_60,LTAA_PC,"Water exploitation index, plus (WEI+)",PC,Percentage,SI,Slovenia,2022,0.581513463,
06_60,LTAA_PC,"Water exploitation index, plus (WEI+)",PC,Percentage,SK,Slovakia,2000,0.665211596,
06_60,LTAA_PC,"Water exploitation index, plus (WEI+)",PC,Percentage,SK,Slovakia,2001,0.691568904,
06_60,LTAA_PC,"Water exploitation index, plus (WEI+)",PC,Percentage,SK,Slovakia,2002,0.60801555,
06_60,LTAA_PC,"Water exploitation index, plus (WEI+)",PC,Percentage,SK,Slovakia,2003,0.900659084,
06_60,LTAA_PC,"Water exploitation index, plus (WEI+)",PC,Percentage,SK,Slovakia,2004,0.767241251,
06_60,LTAA_PC,"Water exploitation index, plus (WEI+)",PC,Percentage,SK,Slovakia,2005,0.581731436,
06_60,LTAA_PC,"Water exploitation index, plus (WEI+)",PC,Percentage,SK,Slovakia,2006,0.438809855,
06_60,LTAA_PC,"Water exploitation index, plus (WEI+)",PC,Percentage,SK,Slovakia,2007,0.453419508,
06_60,LTAA_PC,"Water exploitation index, plus (WEI+)",PC,Percentage,SK,Slovakia,2008,0.420613704,
06_60,LTAA_PC,"Water exploitation index, plus (WEI+)",PC,Percentage,SK,Slovakia,2009,0.343285423,
06_60,LTAA_PC,"Water exploitation index, plus (WEI+)",PC,Percentage,SK,Slovakia,2010,0.283821267,
06_60,LTAA_PC,"Water exploitation index, plus (WEI+)",PC,Percentage,SK,Slovakia,2011,0.398369445,
06_60,LTAA_PC,"Water exploitation index, plus (WEI+)",PC,Percentage,SK,Slovakia,2012,0.49172034,
06_60,LTAA_PC,"Water exploitation index, plus (WEI+)",PC,Percentage,SK,Slovakia,2013,0.218644085,
06_60,LTAA_PC,"Water exploitation index, plus (WEI+)",PC,Percentage,SK,Slovakia,2014,0.403281314,
06_60,LTAA_PC,"Water exploitation index, plus (WEI+)",PC,Percentage,SK,Slovakia,2015,0.312126214,
06_60,LTAA_PC,"Water exploitation index, plus (WEI+)",PC,Percentage,SK,Slovakia,2016,0.370419191,
06_60,LTAA_PC,"Water exploitation index, plus (WEI+)",PC,Percentage,SK,Slovakia,2017,0.276270894,
06_60,LTAA_PC,"Water exploitation index, plus (WEI+)",PC,Percentage,SK,Slovakia,2018,0.479580542,
06_60,LTAA_PC,"Water exploitation index, plus (WEI+)",PC,Percentage,SK,Slovakia,2019,0.277070878,
06_60,LTAA_PC,"Water exploitation index, plus (WEI+)",PC,Percentage,SK,Slovakia,2020,0.420035788,
06_60,LTAA_PC,"Water exploitation index, plus (WEI+)",PC,Percentage,SK,Slovakia,2021,0.280236087,
06_60,LTAA_PC,"Water exploitation index, plus (WEI+)",PC,Percentage,SK,Slovakia,2022,0.350166487,
06_60,LTAA_PC,"Water exploitation index, plus (WEI+)",PC,Percentage,TR,Türkiye,2000,7.191016883,
06_60,LTAA_PC,"Water exploitation index, plus (WEI+)",PC,Percentage,TR,Türkiye,2001,7.602629303,
06_60,LTAA_PC,"Water exploitation index, plus (WEI+)",PC,Percentage,TR,Türkiye,2002,6.974907279,
06_60,LTAA_PC,"Water exploitation index, plus (WEI+)",PC,Percentage,TR,Türkiye,2003,7.229762891,
06_60,LTAA_PC,"Water exploitation index, plus (WEI+)",PC,Percentage,TR,Türkiye,2004,8.11589326,
06_60,LTAA_PC,"Water exploitation index, plus (WEI+)",PC,Percentage,TR,Türkiye,2005,7.871120955,
06_60,LTAA_PC,"Water exploitation index, plus (WEI+)",PC,Percentage,TR,Türkiye,2006,8.283242179,
06_60,LTAA_PC,"Water exploitation index, plus (WEI+)",PC,Percentage,TR,Türkiye,2007,8.623079009,
06_60,LTAA_PC,"Water exploitation index, plus (WEI+)",PC,Percentage,TR,Türkiye,2008,9.549635755,
06_60,LTAA_PC,"Water exploitation index, plus (WEI+)",PC,Percentage,TR,Türkiye,2009,7.057022192,
06_60,LTAA_PC,"Water exploitation index, plus (WEI+)",PC,Percentage,TR,Türkiye,2010,6.45270113,
06_60,LTAA_PC,"Water exploitation index, plus (WEI+)",PC,Percentage,TR,Türkiye,2011,8.504733004,
06_60,LTAA_PC,"Water exploitation index, plus (WEI+)",PC,Percentage,TR,Türkiye,2012,8.167519509,
06_60,LTAA_PC,"Water exploitation index, plus (WEI+)",PC,Percentage,TR,Türkiye,2013,9.581689585,
06_60,LTAA_PC,"Water exploitation index, plus (WEI+)",PC,Percentage,TR,Türkiye,2014,9.731896531,
06_60,LTAA_PC,"Water exploitation index, plus (WEI+)",PC,Percentage,TR,Türkiye,2015,8.454669652,
06_60,LTAA_PC,"Water exploitation index, plus (WEI+)",PC,Percentage,TR,Türkiye,2016,10.82156736,
06_60,LTAA_PC,"Water exploitation index, plus (WEI+)",PC,Percentage,TR,Türkiye,2017,13.33231961,
06_60,LTAA_PC,"Water exploitation index, plus (WEI+)",PC,Percentage,TR,Türkiye,2018,12.28827326,
06_60,LTAA_PC,"Water exploitation index, plus (WEI+)",PC,Percentage,TR,Türkiye,2019,12.76765575,
06_60,LTAA_PC,"Water exploitation index, plus (WEI+)",PC,Percentage,TR,Türkiye,2020,15.13994696,
06_60,LTAA_PC,"Water exploitation index, plus (WEI+)",PC,Percentage,TR,Türkiye,2021,12.80860465,
06_60,LTAA_PC,"Water exploitation index, plus (WEI+)",PC,Percentage,TR,Türkiye,2022,14.05832044,
06_60,LTAA_PC,"Water exploitation index, plus (WEI+)",PC,Percentage,XK,Kosovo (under United Nations Security Council Resolution 1244/99),2000,32.99234186,U
06_60,LTAA_PC,"Water exploitation index, plus (WEI+)",PC,Percentage,XK,Kosovo (under United Nations Security Council Resolution 1244/99),2001,29.7809208,U
06_60,LTAA_PC,"Water exploitation index, plus (WEI+)",PC,Percentage,XK,Kosovo (under United Nations Security Council Resolution 1244/99),2002,26.07255028,U
06_60,LTAA_PC,"Water exploitation index, plus (WEI+)",PC,Percentage,XK,Kosovo (under United Nations Security Council Resolution 1244/99),2003,29.002084,U
06_60,LTAA_PC,"Water exploitation index, plus (WEI+)",PC,Percentage,XK,Kosovo (under United Nations Security Council Resolution 1244/99),2004,23.25747367,U
06_60,LTAA_PC,"Water exploitation index, plus (WEI+)",PC,Percentage,XK,Kosovo (under United Nations Security Council Resolution 1244/99),2005,23.17556362,U
06_60,LTAA_PC,"Water exploitation index, plus (WEI+)",PC,Percentage,XK,Kosovo (under United Nations Security Council Resolution 1244/99),2006,22.89557861,U
06_60,LTAA_PC,"Water exploitation index, plus (WEI+)",PC,Percentage,XK,Kosovo (under United Nations Security Council Resolution 1244/99),2007,28.87664763,U
06_60,LTAA_PC,"Water exploitation index, plus (WEI+)",PC,Percentage,XK,Kosovo (under United Nations Security Council Resolution 1244/99),2008,27.58306153,U
06_60,LTAA_PC,"Water exploitation index, plus (WEI+)",PC,Percentage,XK,Kosovo (under United Nations Security Council Resolution 1244/99),2009,24.0324985,U
06_60,LTAA_PC,"Water exploitation index, plus (WEI+)",PC,Percentage,XK,Kosovo (under United Nations Security Council Resolution 1244/99),2010,34.33445875,U
06_60,LTAA_PC,"Water exploitation index, plus (WEI+)",PC,Percentage,XK,Kosovo (under United Nations Security Council Resolution 1244/99),2011,60.06437507,U
06_60,LTAA_PC,"Water exploitation index, plus (WEI+)",PC,Percentage,XK,Kosovo (under United Nations Security Council Resolution 1244/99),2012,54.06708379,U
06_60,LTAA_PC,"Water exploitation index, plus (WEI+)",PC,Percentage,XK,Kosovo (under United Nations Security Council Resolution 1244/99),2013,42.30897369,U
06_60,LTAA_PC,"Water exploitation index, plus (WEI+)",PC,Percentage,XK,Kosovo (under United Nations Security Council Resolution 1244/99),2014,47.04908498,U
06_60,LTAA_PC,"Water exploitation index, plus (WEI+)",PC,Percentage,XK,Kosovo (under United Nations Security Council Resolution 1244/99),2015,53.98699624,U
06_60,LTAA_PC,"Water exploitation index, plus (WEI+)",PC,Percentage,XK,Kosovo (under United Nations Security Council Resolution 1244/99),2016,48.85548609,U
06_60,LTAA_PC,"Water exploitation index, plus (WEI+)",PC,Percentage,XK,Kosovo (under United Nations Security Council Resolution 1244/99),2017,60.79702611,U
06_60,LTAA_PC,"Water exploitation index, plus (WEI+)",PC,Percentage,XK,Kosovo (under United Nations Security Council Resolution 1244/99),2018,47.89645369,U
06_60,LTAA_PC,"Water exploitation index, plus (WEI+)",PC,Percentage,XK,Kosovo (under United Nations Security Council Resolution 1244/99),2019,64.50092202,U
06_60,LTAA_PC,"Water exploitation index, plus (WEI+)",PC,Percentage,XK,Kosovo (under United Nations Security Council Resolution 1244/99),2020,54.76859238,U
06_60,LTAA_PC,"Water exploitation index, plus (WEI+)",PC,Percentage,XK,Kosovo (under United Nations Security Council Resolution 1244/99),2021,47.97980111,U
06_60,LTAA_PC,"Water exploitation index, plus (WEI+)",PC,Percentage,XK,Kosovo (under United Nations Security Council Resolution 1244/99),2022,39.32321643,U
