DATAFLOW,LAST UPDATE,freq,unit,geo,TIME_PERIOD,OBS_VALUE,OBS_FLAG
ESTAT:SDG_06_60(1.0),19/04/24 11:00:00,A,PC,AL,2000,2.54,
ESTAT:SDG_06_60(1.0),19/04/24 11:00:00,A,PC,AL,2001,1.38,
ESTAT:SDG_06_60(1.0),19/04/24 11:00:00,A,PC,AL,2002,1.51,
ESTAT:SDG_06_60(1.0),19/04/24 11:00:00,A,PC,AL,2003,1.22,
ESTAT:SDG_06_60(1.0),19/04/24 11:00:00,A,PC,AL,2004,0.85,
ESTAT:SDG_06_60(1.0),19/04/24 11:00:00,A,PC,AL,2005,0.94,
ESTAT:SDG_06_60(1.0),19/04/24 11:00:00,A,PC,AL,2006,0.98,
ESTAT:SDG_06_60(1.0),19/04/24 11:00:00,A,PC,AL,2007,1.31,
ESTAT:SDG_06_60(1.0),19/04/24 11:00:00,A,PC,AL,2008,1.16,
ESTAT:SDG_06_60(1.0),19/04/24 11:00:00,A,PC,AL,2009,1.27,
ESTAT:SDG_06_60(1.0),19/04/24 11:00:00,A,PC,AL,2010,1.00,
ESTAT:SDG_06_60(1.0),19/04/24 11:00:00,A,PC,AL,2011,2.69,
ESTAT:SDG_06_60(1.0),19/04/24 11:00:00,A,PC,AL,2012,1.86,
ESTAT:SDG_06_60(1.0),19/04/24 11:00:00,A,PC,AL,2013,2.16,
ESTAT:SDG_06_60(1.0),19/04/24 11:00:00,A,PC,AL,2014,1.86,
ESTAT:SDG_06_60(1.0),19/04/24 11:00:00,A,PC,AL,2015,2.37,
ESTAT:SDG_06_60(1.0),19/04/24 11:00:00,A,PC,AL,2016,1.24,
ESTAT:SDG_06_60(1.0),19/04/24 11:00:00,A,PC,AL,2017,1.23,
ESTAT:SDG_06_60(1.0),19/04/24 11:00:00,A,PC,AL,2018,1.04,
ESTAT:SDG_06_60(1.0),19/04/24 11:00:00,A,PC,AL,2019,1.27,
ESTAT:SDG_06_60(1.0),19/04/24 11:00:00,A,PC,AT,2000,1.16,
ESTAT:SDG_06_60(1.0),19/04/24 11:00:00,A,PC,AT,2001,1.26,
ESTAT:SDG_06_60(1.0),19/04/24 11:00:00,A,PC,AT,2002,1.02,
ESTAT:SDG_06_60(1.0),19/04/24 11:00:00,A,PC,AT,2003,1.46,
ESTAT:SDG_06_60(1.0),19/04/24 11:00:00,A,PC,AT,2004,1.34,
ESTAT:SDG_06_60(1.0),19/04/24 11:00:00,A,PC,AT,2005,1.39,
ESTAT:SDG_06_60(1.0),19/04/24 11:00:00,A,PC,AT,2006,1.37,
ESTAT:SDG_06_60(1.0),19/04/24 11:00:00,A,PC,AT,2007,1.63,
ESTAT:SDG_06_60(1.0),19/04/24 11:00:00,A,PC,AT,2008,1.59,
ESTAT:SDG_06_60(1.0),19/04/24 11:00:00,A,PC,AT,2009,1.34,
ESTAT:SDG_06_60(1.0),19/04/24 11:00:00,A,PC,AT,2010,1.47,
ESTAT:SDG_06_60(1.0),19/04/24 11:00:00,A,PC,AT,2011,1.71,
ESTAT:SDG_06_60(1.0),19/04/24 11:00:00,A,PC,AT,2012,1.53,
ESTAT:SDG_06_60(1.0),19/04/24 11:00:00,A,PC,AT,2013,1.38,
ESTAT:SDG_06_60(1.0),19/04/24 11:00:00,A,PC,AT,2014,1.68,
ESTAT:SDG_06_60(1.0),19/04/24 11:00:00,A,PC,AT,2015,1.97,
ESTAT:SDG_06_60(1.0),19/04/24 11:00:00,A,PC,AT,2016,1.74,
ESTAT:SDG_06_60(1.0),19/04/24 11:00:00,A,PC,AT,2017,1.90,
ESTAT:SDG_06_60(1.0),19/04/24 11:00:00,A,PC,AT,2018,1.89,
ESTAT:SDG_06_60(1.0),19/04/24 11:00:00,A,PC,AT,2019,0.14,
ESTAT:SDG_06_60(1.0),19/04/24 11:00:00,A,PC,BA,2000,0.25,
ESTAT:SDG_06_60(1.0),19/04/24 11:00:00,A,PC,BA,2001,0.29,
ESTAT:SDG_06_60(1.0),19/04/24 11:00:00,A,PC,BA,2002,0.28,
ESTAT:SDG_06_60(1.0),19/04/24 11:00:00,A,PC,BA,2003,0.28,
ESTAT:SDG_06_60(1.0),19/04/24 11:00:00,A,PC,BA,2004,0.33,
ESTAT:SDG_06_60(1.0),19/04/24 11:00:00,A,PC,BA,2005,0.32,
ESTAT:SDG_06_60(1.0),19/04/24 11:00:00,A,PC,BA,2006,0.32,
ESTAT:SDG_06_60(1.0),19/04/24 11:00:00,A,PC,BA,2007,0.27,
ESTAT:SDG_06_60(1.0),19/04/24 11:00:00,A,PC,BA,2008,0.27,
ESTAT:SDG_06_60(1.0),19/04/24 11:00:00,A,PC,BA,2009,0.46,
ESTAT:SDG_06_60(1.0),19/04/24 11:00:00,A,PC,BA,2010,0.82,
ESTAT:SDG_06_60(1.0),19/04/24 11:00:00,A,PC,BA,2011,0.46,
ESTAT:SDG_06_60(1.0),19/04/24 11:00:00,A,PC,BA,2012,0.49,
ESTAT:SDG_06_60(1.0),19/04/24 11:00:00,A,PC,BA,2013,0.70,
ESTAT:SDG_06_60(1.0),19/04/24 11:00:00,A,PC,BA,2014,0.55,
ESTAT:SDG_06_60(1.0),19/04/24 11:00:00,A,PC,BA,2015,0.44,
ESTAT:SDG_06_60(1.0),19/04/24 11:00:00,A,PC,BA,2016,0.52,
ESTAT:SDG_06_60(1.0),19/04/24 11:00:00,A,PC,BA,2017,0.41,
ESTAT:SDG_06_60(1.0),19/04/24 11:00:00,A,PC,BA,2018,0.52,
ESTAT:SDG_06_60(1.0),19/04/24 11:00:00,A,PC,BA,2019,0.43,
ESTAT:SDG_06_60(1.0),19/04/24 11:00:00,A,PC,BE,2000,5.72,
ESTAT:SDG_06_60(1.0),19/04/24 11:00:00,A,PC,BE,2001,4.90,
ESTAT:SDG_06_60(1.0),19/04/24 11:00:00,A,PC,BE,2002,5.51,
ESTAT:SDG_06_60(1.0),19/04/24 11:00:00,A,PC,BE,2003,9.91,
ESTAT:SDG_06_60(1.0),19/04/24 11:00:00,A,PC,BE,2004,10.03,
ESTAT:SDG_06_60(1.0),19/04/24 11:00:00,A,PC,BE,2005,11.58,
ESTAT:SDG_06_60(1.0),19/04/24 11:00:00,A,PC,BE,2006,8.12,
ESTAT:SDG_06_60(1.0),19/04/24 11:00:00,A,PC,BE,2007,5.83,
ESTAT:SDG_06_60(1.0),19/04/24 11:00:00,A,PC,BE,2008,5.81,
ESTAT:SDG_06_60(1.0),19/04/24 11:00:00,A,PC,BE,2009,7.26,
ESTAT:SDG_06_60(1.0),19/04/24 11:00:00,A,PC,BE,2010,8.58,
ESTAT:SDG_06_60(1.0),19/04/24 11:00:00,A,PC,BE,2011,9.22,
ESTAT:SDG_06_60(1.0),19/04/24 11:00:00,A,PC,BE,2012,5.11,
ESTAT:SDG_06_60(1.0),19/04/24 11:00:00,A,PC,BE,2013,4.60,
ESTAT:SDG_06_60(1.0),19/04/24 11:00:00,A,PC,BE,2014,5.33,
ESTAT:SDG_06_60(1.0),19/04/24 11:00:00,A,PC,BE,2015,4.54,
ESTAT:SDG_06_60(1.0),19/04/24 11:00:00,A,PC,BE,2016,3.77,
ESTAT:SDG_06_60(1.0),19/04/24 11:00:00,A,PC,BE,2017,5.77,
ESTAT:SDG_06_60(1.0),19/04/24 11:00:00,A,PC,BE,2018,3.89,
ESTAT:SDG_06_60(1.0),19/04/24 11:00:00,A,PC,BE,2019,5.77,
ESTAT:SDG_06_60(1.0),19/04/24 11:00:00,A,PC,BG,2000,1.95,
ESTAT:SDG_06_60(1.0),19/04/24 11:00:00,A,PC,BG,2001,1.62,
ESTAT:SDG_06_60(1.0),19/04/24 11:00:00,A,PC,BG,2002,1.73,
ESTAT:SDG_06_60(1.0),19/04/24 11:00:00,A,PC,BG,2003,1.60,
ESTAT:SDG_06_60(1.0),19/04/24 11:00:00,A,PC,BG,2004,1.61,
ESTAT:SDG_06_60(1.0),19/04/24 11:00:00,A,PC,BG,2005,1.31,
ESTAT:SDG_06_60(1.0),19/04/24 11:00:00,A,PC,BG,2006,1.46,
ESTAT:SDG_06_60(1.0),19/04/24 11:00:00,A,PC,BG,2007,1.86,
ESTAT:SDG_06_60(1.0),19/04/24 11:00:00,A,PC,BG,2008,1.73,
ESTAT:SDG_06_60(1.0),19/04/24 11:00:00,A,PC,BG,2009,1.46,
ESTAT:SDG_06_60(1.0),19/04/24 11:00:00,A,PC,BG,2010,0.93,
ESTAT:SDG_06_60(1.0),19/04/24 11:00:00,A,PC,BG,2011,1.66,
ESTAT:SDG_06_60(1.0),19/04/24 11:00:00,A,PC,BG,2012,1.68,
ESTAT:SDG_06_60(1.0),19/04/24 11:00:00,A,PC,BG,2013,1.16,
ESTAT:SDG_06_60(1.0),19/04/24 11:00:00,A,PC,BG,2014,1.03,
ESTAT:SDG_06_60(1.0),19/04/24 11:00:00,A,PC,BG,2015,1.27,
ESTAT:SDG_06_60(1.0),19/04/24 11:00:00,A,PC,BG,2016,1.48,
ESTAT:SDG_06_60(1.0),19/04/24 11:00:00,A,PC,BG,2017,1.75,
ESTAT:SDG_06_60(1.0),19/04/24 11:00:00,A,PC,BG,2018,1.35,
ESTAT:SDG_06_60(1.0),19/04/24 11:00:00,A,PC,BG,2019,1.56,
ESTAT:SDG_06_60(1.0),19/04/24 11:00:00,A,PC,CH,2000,0.64,
ESTAT:SDG_06_60(1.0),19/04/24 11:00:00,A,PC,CH,2001,0.53,
ESTAT:SDG_06_60(1.0),19/04/24 11:00:00,A,PC,CH,2002,0.76,
ESTAT:SDG_06_60(1.0),19/04/24 11:00:00,A,PC,CH,2003,0.72,
ESTAT:SDG_06_60(1.0),19/04/24 11:00:00,A,PC,CH,2004,0.81,
ESTAT:SDG_06_60(1.0),19/04/24 11:00:00,A,PC,CH,2005,0.82,
ESTAT:SDG_06_60(1.0),19/04/24 11:00:00,A,PC,CH,2006,0.80,
ESTAT:SDG_06_60(1.0),19/04/24 11:00:00,A,PC,CH,2007,0.69,
ESTAT:SDG_06_60(1.0),19/04/24 11:00:00,A,PC,CH,2008,0.67,
ESTAT:SDG_06_60(1.0),19/04/24 11:00:00,A,PC,CH,2009,0.72,
ESTAT:SDG_06_60(1.0),19/04/24 11:00:00,A,PC,CH,2010,0.75,
ESTAT:SDG_06_60(1.0),19/04/24 11:00:00,A,PC,CH,2011,0.90,
ESTAT:SDG_06_60(1.0),19/04/24 11:00:00,A,PC,CH,2012,1.04,
ESTAT:SDG_06_60(1.0),19/04/24 11:00:00,A,PC,CH,2013,0.56,
ESTAT:SDG_06_60(1.0),19/04/24 11:00:00,A,PC,CH,2014,0.64,
ESTAT:SDG_06_60(1.0),19/04/24 11:00:00,A,PC,CH,2015,0.69,
ESTAT:SDG_06_60(1.0),19/04/24 11:00:00,A,PC,CH,2016,0.66,
ESTAT:SDG_06_60(1.0),19/04/24 11:00:00,A,PC,CH,2017,0.84,
ESTAT:SDG_06_60(1.0),19/04/24 11:00:00,A,PC,CH,2018,0.72,
ESTAT:SDG_06_60(1.0),19/04/24 11:00:00,A,PC,CH,2019,0.59,
ESTAT:SDG_06_60(1.0),19/04/24 11:00:00,A,PC,CY,2000,80.91,
ESTAT:SDG_06_60(1.0),19/04/24 11:00:00,A,PC,CY,2001,118.72,
ESTAT:SDG_06_60(1.0),19/04/24 11:00:00,A,PC,CY,2002,142.31,
ESTAT:SDG_06_60(1.0),19/04/24 11:00:00,A,PC,CY,2003,119.00,
ESTAT:SDG_06_60(1.0),19/04/24 11:00:00,A,PC,CY,2004,124.71,
ESTAT:SDG_06_60(1.0),19/04/24 11:00:00,A,PC,CY,2005,129.53,
ESTAT:SDG_06_60(1.0),19/04/24 11:00:00,A,PC,CY,2006,111.26,
ESTAT:SDG_06_60(1.0),19/04/24 11:00:00,A,PC,CY,2007,107.12,
ESTAT:SDG_06_60(1.0),19/04/24 11:00:00,A,PC,CY,2008,89.07,
ESTAT:SDG_06_60(1.0),19/04/24 11:00:00,A,PC,CY,2009,80.34,
ESTAT:SDG_06_60(1.0),19/04/24 11:00:00,A,PC,CY,2010,144.4,
ESTAT:SDG_06_60(1.0),19/04/24 11:00:00,A,PC,CY,2011,98.41,
ESTAT:SDG_06_60(1.0),19/04/24 11:00:00,A,PC,CY,2012,109.51,
ESTAT:SDG_06_60(1.0),19/04/24 11:00:00,A,PC,CY,2013,120.88,
ESTAT:SDG_06_60(1.0),19/04/24 11:00:00,A,PC,CY,2014,107.44,
ESTAT:SDG_06_60(1.0),19/04/24 11:00:00,A,PC,CY,2015,117.33,
ESTAT:SDG_06_60(1.0),19/04/24 11:00:00,A,PC,CY,2016,102.08,
ESTAT:SDG_06_60(1.0),19/04/24 11:00:00,A,PC,CY,2017,101.12,
ESTAT:SDG_06_60(1.0),19/04/24 11:00:00,A,PC,CY,2018,92.47,
ESTAT:SDG_06_60(1.0),19/04/24 11:00:00,A,PC,CY,2019,113.00,
ESTAT:SDG_06_60(1.0),19/04/24 11:00:00,A,PC,CZ,2000,11.79,
ESTAT:SDG_06_60(1.0),19/04/24 11:00:00,A,PC,CZ,2001,8.51,
ESTAT:SDG_06_60(1.0),19/04/24 11:00:00,A,PC,CZ,2002,4.66,
ESTAT:SDG_06_60(1.0),19/04/24 11:00:00,A,PC,CZ,2003,9.58,
ESTAT:SDG_06_60(1.0),19/04/24 11:00:00,A,PC,CZ,2004,7.39,
ESTAT:SDG_06_60(1.0),19/04/24 11:00:00,A,PC,CZ,2005,5.71,
ESTAT:SDG_06_60(1.0),19/04/24 11:00:00,A,PC,CZ,2006,5.04,
ESTAT:SDG_06_60(1.0),19/04/24 11:00:00,A,PC,CZ,2007,6.54,
ESTAT:SDG_06_60(1.0),19/04/24 11:00:00,A,PC,CZ,2008,8.32,
ESTAT:SDG_06_60(1.0),19/04/24 11:00:00,A,PC,CZ,2009,5.41,
ESTAT:SDG_06_60(1.0),19/04/24 11:00:00,A,PC,CZ,2010,3.30,
ESTAT:SDG_06_60(1.0),19/04/24 11:00:00,A,PC,CZ,2011,5.27,
ESTAT:SDG_06_60(1.0),19/04/24 11:00:00,A,PC,CZ,2012,6.24,
ESTAT:SDG_06_60(1.0),19/04/24 11:00:00,A,PC,CZ,2013,3.60,
ESTAT:SDG_06_60(1.0),19/04/24 11:00:00,A,PC,CZ,2014,10.70,
ESTAT:SDG_06_60(1.0),19/04/24 11:00:00,A,PC,CZ,2015,10.76,
ESTAT:SDG_06_60(1.0),19/04/24 11:00:00,A,PC,CZ,2016,10.70,
ESTAT:SDG_06_60(1.0),19/04/24 11:00:00,A,PC,CZ,2017,13.63,
ESTAT:SDG_06_60(1.0),19/04/24 11:00:00,A,PC,CZ,2018,10.70,
ESTAT:SDG_06_60(1.0),19/04/24 11:00:00,A,PC,CZ,2019,12.07,
ESTAT:SDG_06_60(1.0),19/04/24 11:00:00,A,PC,DE,2000,8.09,
ESTAT:SDG_06_60(1.0),19/04/24 11:00:00,A,PC,DE,2001,7.14,
ESTAT:SDG_06_60(1.0),19/04/24 11:00:00,A,PC,DE,2002,5.58,
ESTAT:SDG_06_60(1.0),19/04/24 11:00:00,A,PC,DE,2003,9.27,
ESTAT:SDG_06_60(1.0),19/04/24 11:00:00,A,PC,DE,2004,8.79,
ESTAT:SDG_06_60(1.0),19/04/24 11:00:00,A,PC,DE,2005,8.04,
ESTAT:SDG_06_60(1.0),19/04/24 11:00:00,A,PC,DE,2006,7.67,
ESTAT:SDG_06_60(1.0),19/04/24 11:00:00,A,PC,DE,2007,6.42,
ESTAT:SDG_06_60(1.0),19/04/24 11:00:00,A,PC,DE,2008,7.08,
ESTAT:SDG_06_60(1.0),19/04/24 11:00:00,A,PC,DE,2009,6.81,
ESTAT:SDG_06_60(1.0),19/04/24 11:00:00,A,PC,DE,2010,6.49,
ESTAT:SDG_06_60(1.0),19/04/24 11:00:00,A,PC,DE,2011,7.39,
ESTAT:SDG_06_60(1.0),19/04/24 11:00:00,A,PC,DE,2012,5.18,
ESTAT:SDG_06_60(1.0),19/04/24 11:00:00,A,PC,DE,2013,5.48,
ESTAT:SDG_06_60(1.0),19/04/24 11:00:00,A,PC,DE,2014,5.32,
ESTAT:SDG_06_60(1.0),19/04/24 11:00:00,A,PC,DE,2015,4.88,
ESTAT:SDG_06_60(1.0),19/04/24 11:00:00,A,PC,DE,2016,6.17,
ESTAT:SDG_06_60(1.0),19/04/24 11:00:00,A,PC,DE,2017,4.78,
ESTAT:SDG_06_60(1.0),19/04/24 11:00:00,A,PC,DE,2018,5.71,
ESTAT:SDG_06_60(1.0),19/04/24 11:00:00,A,PC,DE,2019,2.57,
ESTAT:SDG_06_60(1.0),19/04/24 11:00:00,A,PC,DK,2000,2.87,
ESTAT:SDG_06_60(1.0),19/04/24 11:00:00,A,PC,DK,2001,3.76,
ESTAT:SDG_06_60(1.0),19/04/24 11:00:00,A,PC,DK,2002,2.04,
ESTAT:SDG_06_60(1.0),19/04/24 11:00:00,A,PC,DK,2003,3.30,
ESTAT:SDG_06_60(1.0),19/04/24 11:00:00,A,PC,DK,2004,2.58,
ESTAT:SDG_06_60(1.0),19/04/24 11:00:00,A,PC,DK,2005,2.78,
ESTAT:SDG_06_60(1.0),19/04/24 11:00:00,A,PC,DK,2006,2.69,
ESTAT:SDG_06_60(1.0),19/04/24 11:00:00,A,PC,DK,2007,2.20,
ESTAT:SDG_06_60(1.0),19/04/24 11:00:00,A,PC,DK,2008,3.57,
ESTAT:SDG_06_60(1.0),19/04/24 11:00:00,A,PC,DK,2009,4.56,
ESTAT:SDG_06_60(1.0),19/04/24 11:00:00,A,PC,DK,2010,5.11,
ESTAT:SDG_06_60(1.0),19/04/24 11:00:00,A,PC,DK,2011,3.99,
ESTAT:SDG_06_60(1.0),19/04/24 11:00:00,A,PC,DK,2012,4.88,
ESTAT:SDG_06_60(1.0),19/04/24 11:00:00,A,PC,DK,2013,7.52,
ESTAT:SDG_06_60(1.0),19/04/24 11:00:00,A,PC,DK,2014,6.02,
ESTAT:SDG_06_60(1.0),19/04/24 11:00:00,A,PC,DK,2015,5.39,
ESTAT:SDG_06_60(1.0),19/04/24 11:00:00,A,PC,DK,2016,6.05,
ESTAT:SDG_06_60(1.0),19/04/24 11:00:00,A,PC,DK,2017,5.45,
ESTAT:SDG_06_60(1.0),19/04/24 11:00:00,A,PC,DK,2018,4.40,
ESTAT:SDG_06_60(1.0),19/04/24 11:00:00,A,PC,DK,2019,2.72,
ESTAT:SDG_06_60(1.0),19/04/24 11:00:00,A,PC,EE,2000,8.98,
ESTAT:SDG_06_60(1.0),19/04/24 11:00:00,A,PC,EE,2001,7.96,
ESTAT:SDG_06_60(1.0),19/04/24 11:00:00,A,PC,EE,2002,18.05,
ESTAT:SDG_06_60(1.0),19/04/24 11:00:00,A,PC,EE,2003,7.58,
ESTAT:SDG_06_60(1.0),19/04/24 11:00:00,A,PC,EE,2004,23.65,
ESTAT:SDG_06_60(1.0),19/04/24 11:00:00,A,PC,EE,2005,12.10,
ESTAT:SDG_06_60(1.0),19/04/24 11:00:00,A,PC,EE,2006,27.59,
ESTAT:SDG_06_60(1.0),19/04/24 11:00:00,A,PC,EE,2007,17.10,
ESTAT:SDG_06_60(1.0),19/04/24 11:00:00,A,PC,EE,2008,17.97,
ESTAT:SDG_06_60(1.0),19/04/24 11:00:00,A,PC,EE,2009,9.06,
ESTAT:SDG_06_60(1.0),19/04/24 11:00:00,A,PC,EE,2010,5.70,
ESTAT:SDG_06_60(1.0),19/04/24 11:00:00,A,PC,EE,2011,21.22,
ESTAT:SDG_06_60(1.0),19/04/24 11:00:00,A,PC,EE,2012,2.44,
ESTAT:SDG_06_60(1.0),19/04/24 11:00:00,A,PC,EE,2013,2.60,
ESTAT:SDG_06_60(1.0),19/04/24 11:00:00,A,PC,EE,2014,3.41,
ESTAT:SDG_06_60(1.0),19/04/24 11:00:00,A,PC,EE,2015,4.03,
ESTAT:SDG_06_60(1.0),19/04/24 11:00:00,A,PC,EE,2016,2.61,
ESTAT:SDG_06_60(1.0),19/04/24 11:00:00,A,PC,EE,2017,6.35,
ESTAT:SDG_06_60(1.0),19/04/24 11:00:00,A,PC,EE,2018,8.47,
ESTAT:SDG_06_60(1.0),19/04/24 11:00:00,A,PC,EE,2019,5.44,
ESTAT:SDG_06_60(1.0),19/04/24 11:00:00,A,PC,EL,2000,14.90,
ESTAT:SDG_06_60(1.0),19/04/24 11:00:00,A,PC,EL,2001,22.52,
ESTAT:SDG_06_60(1.0),19/04/24 11:00:00,A,PC,EL,2002,15.62,
ESTAT:SDG_06_60(1.0),19/04/24 11:00:00,A,PC,EL,2003,12.76,
ESTAT:SDG_06_60(1.0),19/04/24 11:00:00,A,PC,EL,2004,16.32,
ESTAT:SDG_06_60(1.0),19/04/24 11:00:00,A,PC,EL,2005,12.72,
ESTAT:SDG_06_60(1.0),19/04/24 11:00:00,A,PC,EL,2006,13.22,
ESTAT:SDG_06_60(1.0),19/04/24 11:00:00,A,PC,EL,2007,19.86,
ESTAT:SDG_06_60(1.0),19/04/24 11:00:00,A,PC,EL,2008,20.19,
ESTAT:SDG_06_60(1.0),19/04/24 11:00:00,A,PC,EL,2009,10.92,
ESTAT:SDG_06_60(1.0),19/04/24 11:00:00,A,PC,EL,2010,8.81,
ESTAT:SDG_06_60(1.0),19/04/24 11:00:00,A,PC,EL,2011,14.11,
ESTAT:SDG_06_60(1.0),19/04/24 11:00:00,A,PC,EL,2012,12.82,
ESTAT:SDG_06_60(1.0),19/04/24 11:00:00,A,PC,EL,2013,11.49,
ESTAT:SDG_06_60(1.0),19/04/24 11:00:00,A,PC,EL,2014,10.39,
ESTAT:SDG_06_60(1.0),19/04/24 11:00:00,A,PC,EL,2015,10.28,
ESTAT:SDG_06_60(1.0),19/04/24 11:00:00,A,PC,EL,2016,14.75,
ESTAT:SDG_06_60(1.0),19/04/24 11:00:00,A,PC,EL,2017,19.59,
ESTAT:SDG_06_60(1.0),19/04/24 11:00:00,A,PC,EL,2018,11.81,
ESTAT:SDG_06_60(1.0),19/04/24 11:00:00,A,PC,EL,2019,13.27,
ESTAT:SDG_06_60(1.0),19/04/24 11:00:00,A,PC,ES,2000,10.11,
ESTAT:SDG_06_60(1.0),19/04/24 11:00:00,A,PC,ES,2001,6.56,
ESTAT:SDG_06_60(1.0),19/04/24 11:00:00,A,PC,ES,2002,12.25,
ESTAT:SDG_06_60(1.0),19/04/24 11:00:00,A,PC,ES,2003,7.47,
ESTAT:SDG_06_60(1.0),19/04/24 11:00:00,A,PC,ES,2004,11.44,
ESTAT:SDG_06_60(1.0),19/04/24 11:00:00,A,PC,ES,2005,19.71,
ESTAT:SDG_06_60(1.0),19/04/24 11:00:00,A,PC,ES,2006,10.00,
ESTAT:SDG_06_60(1.0),19/04/24 11:00:00,A,PC,ES,2007,12.06,
ESTAT:SDG_06_60(1.0),19/04/24 11:00:00,A,PC,ES,2008,12.56,
ESTAT:SDG_06_60(1.0),19/04/24 11:00:00,A,PC,ES,2009,12.56,
ESTAT:SDG_06_60(1.0),19/04/24 11:00:00,A,PC,ES,2010,5.84,
ESTAT:SDG_06_60(1.0),19/04/24 11:00:00,A,PC,ES,2011,10.43,
ESTAT:SDG_06_60(1.0),19/04/24 11:00:00,A,PC,ES,2012,16.02,
ESTAT:SDG_06_60(1.0),19/04/24 11:00:00,A,PC,ES,2013,6.30,
ESTAT:SDG_06_60(1.0),19/04/24 11:00:00,A,PC,ES,2014,7.02,
ESTAT:SDG_06_60(1.0),19/04/24 11:00:00,A,PC,ES,2015,11.44,
ESTAT:SDG_06_60(1.0),19/04/24 11:00:00,A,PC,ES,2016,6.59,
ESTAT:SDG_06_60(1.0),19/04/24 11:00:00,A,PC,ES,2017,13.51,
ESTAT:SDG_06_60(1.0),19/04/24 11:00:00,A,PC,ES,2018,6.66,
ESTAT:SDG_06_60(1.0),19/04/24 11:00:00,A,PC,ES,2019,8.10,
ESTAT:SDG_06_60(1.0),19/04/24 11:00:00,A,PC,EU27_2020,2000,5.02,
ESTAT:SDG_06_60(1.0),19/04/24 11:00:00,A,PC,EU27_2020,2001,4.64,
ESTAT:SDG_06_60(1.0),19/04/24 11:00:00,A,PC,EU27_2020,2002,4.80,
ESTAT:SDG_06_60(1.0),19/04/24 11:00:00,A,PC,EU27_2020,2003,5.57,
ESTAT:SDG_06_60(1.0),19/04/24 11:00:00,A,PC,EU27_2020,2004,5.01,
ESTAT:SDG_06_60(1.0),19/04/24 11:00:00,A,PC,EU27_2020,2005,5.20,
ESTAT:SDG_06_60(1.0),19/04/24 11:00:00,A,PC,EU27_2020,2006,4.67,
ESTAT:SDG_06_60(1.0),19/04/24 11:00:00,A,PC,EU27_2020,2007,5.00,
ESTAT:SDG_06_60(1.0),19/04/24 11:00:00,A,PC,EU27_2020,2008,4.72,
ESTAT:SDG_06_60(1.0),19/04/24 11:00:00,A,PC,EU27_2020,2009,4.53,
ESTAT:SDG_06_60(1.0),19/04/24 11:00:00,A,PC,EU27_2020,2010,3.46,
ESTAT:SDG_06_60(1.0),19/04/24 11:00:00,A,PC,EU27_2020,2011,4.73,
ESTAT:SDG_06_60(1.0),19/04/24 11:00:00,A,PC,EU27_2020,2012,4.34,
ESTAT:SDG_06_60(1.0),19/04/24 11:00:00,A,PC,EU27_2020,2013,3.63,
ESTAT:SDG_06_60(1.0),19/04/24 11:00:00,A,PC,EU27_2020,2014,3.79,
ESTAT:SDG_06_60(1.0),19/04/24 11:00:00,A,PC,EU27_2020,2015,4.39,
ESTAT:SDG_06_60(1.0),19/04/24 11:00:00,A,PC,EU27_2020,2016,4.07,
ESTAT:SDG_06_60(1.0),19/04/24 11:00:00,A,PC,EU27_2020,2017,4.83,
ESTAT:SDG_06_60(1.0),19/04/24 11:00:00,A,PC,EU27_2020,2018,4.07,
ESTAT:SDG_06_60(1.0),19/04/24 11:00:00,A,PC,EU27_2020,2019,3.60,
ESTAT:SDG_06_60(1.0),19/04/24 11:00:00,A,PC,FI,2000,1.67,
ESTAT:SDG_06_60(1.0),19/04/24 11:00:00,A,PC,FI,2001,2.06,
ESTAT:SDG_06_60(1.0),19/04/24 11:00:00,A,PC,FI,2002,1.73,
ESTAT:SDG_06_60(1.0),19/04/24 11:00:00,A,PC,FI,2003,1.76,
ESTAT:SDG_06_60(1.0),19/04/24 11:00:00,A,PC,FI,2004,1.02,
ESTAT:SDG_06_60(1.0),19/04/24 11:00:00,A,PC,FI,2005,1.31,
ESTAT:SDG_06_60(1.0),19/04/24 11:00:00,A,PC,FI,2006,2.03,
ESTAT:SDG_06_60(1.0),19/04/24 11:00:00,A,PC,FI,2007,1.93,
ESTAT:SDG_06_60(1.0),19/04/24 11:00:00,A,PC,FI,2008,1.28,
ESTAT:SDG_06_60(1.0),19/04/24 11:00:00,A,PC,FI,2009,1.38,
ESTAT:SDG_06_60(1.0),19/04/24 11:00:00,A,PC,FI,2010,1.30,
ESTAT:SDG_06_60(1.0),19/04/24 11:00:00,A,PC,FI,2011,1.2,
ESTAT:SDG_06_60(1.0),19/04/24 11:00:00,A,PC,FI,2012,0.87,
ESTAT:SDG_06_60(1.0),19/04/24 11:00:00,A,PC,FI,2013,1.31,
ESTAT:SDG_06_60(1.0),19/04/24 11:00:00,A,PC,FI,2014,1.31,
ESTAT:SDG_06_60(1.0),19/04/24 11:00:00,A,PC,FI,2015,1.07,
ESTAT:SDG_06_60(1.0),19/04/24 11:00:00,A,PC,FI,2016,1.22,
ESTAT:SDG_06_60(1.0),19/04/24 11:00:00,A,PC,FI,2017,0.92,
ESTAT:SDG_06_60(1.0),19/04/24 11:00:00,A,PC,FI,2018,1.39,
ESTAT:SDG_06_60(1.0),19/04/24 11:00:00,A,PC,FI,2019,1.38,
ESTAT:SDG_06_60(1.0),19/04/24 11:00:00,A,PC,FR,2000,2.88,
ESTAT:SDG_06_60(1.0),19/04/24 11:00:00,A,PC,FR,2001,2.89,
ESTAT:SDG_06_60(1.0),19/04/24 11:00:00,A,PC,FR,2002,2.86,
ESTAT:SDG_06_60(1.0),19/04/24 11:00:00,A,PC,FR,2003,4.22,
ESTAT:SDG_06_60(1.0),19/04/24 11:00:00,A,PC,FR,2004,3.81,
ESTAT:SDG_06_60(1.0),19/04/24 11:00:00,A,PC,FR,2005,4.14,
ESTAT:SDG_06_60(1.0),19/04/24 11:00:00,A,PC,FR,2006,3.46,
ESTAT:SDG_06_60(1.0),19/04/24 11:00:00,A,PC,FR,2007,3.00,
ESTAT:SDG_06_60(1.0),19/04/24 11:00:00,A,PC,FR,2008,1.92,
ESTAT:SDG_06_60(1.0),19/04/24 11:00:00,A,PC,FR,2009,2.38,
ESTAT:SDG_06_60(1.0),19/04/24 11:00:00,A,PC,FR,2010,2.19,
ESTAT:SDG_06_60(1.0),19/04/24 11:00:00,A,PC,FR,2011,2.97,
ESTAT:SDG_06_60(1.0),19/04/24 11:00:00,A,PC,FR,2012,2.28,
ESTAT:SDG_06_60(1.0),19/04/24 11:00:00,A,PC,FR,2013,1.53,
ESTAT:SDG_06_60(1.0),19/04/24 11:00:00,A,PC,FR,2014,1.64,
ESTAT:SDG_06_60(1.0),19/04/24 11:00:00,A,PC,FR,2015,2.53,
ESTAT:SDG_06_60(1.0),19/04/24 11:00:00,A,PC,FR,2016,2.10,
ESTAT:SDG_06_60(1.0),19/04/24 11:00:00,A,PC,FR,2017,3.25,
ESTAT:SDG_06_60(1.0),19/04/24 11:00:00,A,PC,FR,2018,1.73,
ESTAT:SDG_06_60(1.0),19/04/24 11:00:00,A,PC,FR,2019,2.80,
ESTAT:SDG_06_60(1.0),19/04/24 11:00:00,A,PC,HR,2000,0.19,
ESTAT:SDG_06_60(1.0),19/04/24 11:00:00,A,PC,HR,2001,0.18,
ESTAT:SDG_06_60(1.0),19/04/24 11:00:00,A,PC,HR,2002,0.17,
ESTAT:SDG_06_60(1.0),19/04/24 11:00:00,A,PC,HR,2003,0.16,
ESTAT:SDG_06_60(1.0),19/04/24 11:00:00,A,PC,HR,2004,0.17,
ESTAT:SDG_06_60(1.0),19/04/24 11:00:00,A,PC,HR,2005,0.17,
ESTAT:SDG_06_60(1.0),19/04/24 11:00:00,A,PC,HR,2006,0.18,
ESTAT:SDG_06_60(1.0),19/04/24 11:00:00,A,PC,HR,2007,0.16,
ESTAT:SDG_06_60(1.0),19/04/24 11:00:00,A,PC,HR,2008,0.17,
ESTAT:SDG_06_60(1.0),19/04/24 11:00:00,A,PC,HR,2009,0.18,
ESTAT:SDG_06_60(1.0),19/04/24 11:00:00,A,PC,HR,2010,0.11,
ESTAT:SDG_06_60(1.0),19/04/24 11:00:00,A,PC,HR,2011,0.13,
ESTAT:SDG_06_60(1.0),19/04/24 11:00:00,A,PC,HR,2012,0.13,
ESTAT:SDG_06_60(1.0),19/04/24 11:00:00,A,PC,HR,2013,0.18,
ESTAT:SDG_06_60(1.0),19/04/24 11:00:00,A,PC,HR,2014,0.17,
ESTAT:SDG_06_60(1.0),19/04/24 11:00:00,A,PC,HR,2015,0.19,
ESTAT:SDG_06_60(1.0),19/04/24 11:00:00,A,PC,HR,2016,0.18,
ESTAT:SDG_06_60(1.0),19/04/24 11:00:00,A,PC,HR,2017,0.20,
ESTAT:SDG_06_60(1.0),19/04/24 11:00:00,A,PC,HR,2018,0.18,
ESTAT:SDG_06_60(1.0),19/04/24 11:00:00,A,PC,HR,2019,0.17,
ESTAT:SDG_06_60(1.0),19/04/24 11:00:00,A,PC,HU,2000,1.43,
ESTAT:SDG_06_60(1.0),19/04/24 11:00:00,A,PC,HU,2001,1.57,
ESTAT:SDG_06_60(1.0),19/04/24 11:00:00,A,PC,HU,2002,1.38,
ESTAT:SDG_06_60(1.0),19/04/24 11:00:00,A,PC,HU,2003,1.30,
ESTAT:SDG_06_60(1.0),19/04/24 11:00:00,A,PC,HU,2004,1.50,
ESTAT:SDG_06_60(1.0),19/04/24 11:00:00,A,PC,HU,2005,1.13,
ESTAT:SDG_06_60(1.0),19/04/24 11:00:00,A,PC,HU,2006,1.09,
ESTAT:SDG_06_60(1.0),19/04/24 11:00:00,A,PC,HU,2007,1.37,
ESTAT:SDG_06_60(1.0),19/04/24 11:00:00,A,PC,HU,2008,1.48,
ESTAT:SDG_06_60(1.0),19/04/24 11:00:00,A,PC,HU,2009,1.28,
ESTAT:SDG_06_60(1.0),19/04/24 11:00:00,A,PC,HU,2010,0.87,
ESTAT:SDG_06_60(1.0),19/04/24 11:00:00,A,PC,HU,2011,1.35,
ESTAT:SDG_06_60(1.0),19/04/24 11:00:00,A,PC,HU,2012,1.29,
ESTAT:SDG_06_60(1.0),19/04/24 11:00:00,A,PC,HU,2013,1.04,
ESTAT:SDG_06_60(1.0),19/04/24 11:00:00,A,PC,HU,2014,1.18,
ESTAT:SDG_06_60(1.0),19/04/24 11:00:00,A,PC,HU,2015,1.44,
ESTAT:SDG_06_60(1.0),19/04/24 11:00:00,A,PC,HU,2016,1.23,
ESTAT:SDG_06_60(1.0),19/04/24 11:00:00,A,PC,HU,2017,1.37,
ESTAT:SDG_06_60(1.0),19/04/24 11:00:00,A,PC,HU,2018,1.44,
ESTAT:SDG_06_60(1.0),19/04/24 11:00:00,A,PC,HU,2019,1.31,
ESTAT:SDG_06_60(1.0),19/04/24 11:00:00,A,PC,IE,2000,0.49,
ESTAT:SDG_06_60(1.0),19/04/24 11:00:00,A,PC,IE,2001,0.78,
ESTAT:SDG_06_60(1.0),19/04/24 11:00:00,A,PC,IE,2002,0.49,
ESTAT:SDG_06_60(1.0),19/04/24 11:00:00,A,PC,IE,2003,0.83,
ESTAT:SDG_06_60(1.0),19/04/24 11:00:00,A,PC,IE,2004,0.67,
ESTAT:SDG_06_60(1.0),19/04/24 11:00:00,A,PC,IE,2005,0.77,
ESTAT:SDG_06_60(1.0),19/04/24 11:00:00,A,PC,IE,2006,0.64,
ESTAT:SDG_06_60(1.0),19/04/24 11:00:00,A,PC,IE,2007,0.84,
ESTAT:SDG_06_60(1.0),19/04/24 11:00:00,A,PC,IE,2008,0.50,
ESTAT:SDG_06_60(1.0),19/04/24 11:00:00,A,PC,IE,2009,0.48,
ESTAT:SDG_06_60(1.0),19/04/24 11:00:00,A,PC,IE,2010,0.72,
ESTAT:SDG_06_60(1.0),19/04/24 11:00:00,A,PC,IE,2011,0.62,
ESTAT:SDG_06_60(1.0),19/04/24 11:00:00,A,PC,IE,2012,0.60,
ESTAT:SDG_06_60(1.0),19/04/24 11:00:00,A,PC,IE,2013,0.67,
ESTAT:SDG_06_60(1.0),19/04/24 11:00:00,A,PC,IE,2014,0.51,
ESTAT:SDG_06_60(1.0),19/04/24 11:00:00,A,PC,IE,2015,0.55,
ESTAT:SDG_06_60(1.0),19/04/24 11:00:00,A,PC,IE,2016,0.66,
ESTAT:SDG_06_60(1.0),19/04/24 11:00:00,A,PC,IE,2017,0.71,
ESTAT:SDG_06_60(1.0),19/04/24 11:00:00,A,PC,IE,2018,0.69,
ESTAT:SDG_06_60(1.0),19/04/24 11:00:00,A,PC,IE,2019,0.56,
ESTAT:SDG_06_60(1.0),19/04/24 11:00:00,A,PC,IS,2000,0.01,
ESTAT:SDG_06_60(1.0),19/04/24 11:00:00,A,PC,IS,2001,0.01,
ESTAT:SDG_06_60(1.0),19/04/24 11:00:00,A,PC,IS,2002,0.01,
ESTAT:SDG_06_60(1.0),19/04/24 11:00:00,A,PC,IS,2003,0.01,
ESTAT:SDG_06_60(1.0),19/04/24 11:00:00,A,PC,IS,2004,0.01,
ESTAT:SDG_06_60(1.0),19/04/24 11:00:00,A,PC,IS,2005,0.01,
ESTAT:SDG_06_60(1.0),19/04/24 11:00:00,A,PC,IS,2006,0.01,
ESTAT:SDG_06_60(1.0),19/04/24 11:00:00,A,PC,IS,2007,0.01,
ESTAT:SDG_06_60(1.0),19/04/24 11:00:00,A,PC,IS,2008,0.01,
ESTAT:SDG_06_60(1.0),19/04/24 11:00:00,A,PC,IS,2009,0.01,
ESTAT:SDG_06_60(1.0),19/04/24 11:00:00,A,PC,IS,2010,0.02,
ESTAT:SDG_06_60(1.0),19/04/24 11:00:00,A,PC,IS,2011,0.22,
ESTAT:SDG_06_60(1.0),19/04/24 11:00:00,A,PC,IS,2012,0.15,
ESTAT:SDG_06_60(1.0),19/04/24 11:00:00,A,PC,IS,2013,0.17,
ESTAT:SDG_06_60(1.0),19/04/24 11:00:00,A,PC,IS,2014,0.10,
ESTAT:SDG_06_60(1.0),19/04/24 11:00:00,A,PC,IS,2015,0.10,
ESTAT:SDG_06_60(1.0),19/04/24 11:00:00,A,PC,IS,2016,0.09,
ESTAT:SDG_06_60(1.0),19/04/24 11:00:00,A,PC,IS,2017,0.01,
ESTAT:SDG_06_60(1.0),19/04/24 11:00:00,A,PC,IS,2018,0.01,
ESTAT:SDG_06_60(1.0),19/04/24 11:00:00,A,PC,IS,2019,0.00,
ESTAT:SDG_06_60(1.0),19/04/24 11:00:00,A,PC,IT,2000,12.92,
ESTAT:SDG_06_60(1.0),19/04/24 11:00:00,A,PC,IT,2001,11.44,
ESTAT:SDG_06_60(1.0),19/04/24 11:00:00,A,PC,IT,2002,11.07,
ESTAT:SDG_06_60(1.0),19/04/24 11:00:00,A,PC,IT,2003,10.29,
ESTAT:SDG_06_60(1.0),19/04/24 11:00:00,A,PC,IT,2004,7.26,
ESTAT:SDG_06_60(1.0),19/04/24 11:00:00,A,PC,IT,2005,7.76,
ESTAT:SDG_06_60(1.0),19/04/24 11:00:00,A,PC,IT,2006,8.82,
ESTAT:SDG_06_60(1.0),19/04/24 11:00:00,A,PC,IT,2007,12.12,
ESTAT:SDG_06_60(1.0),19/04/24 11:00:00,A,PC,IT,2008,8.13,
ESTAT:SDG_06_60(1.0),19/04/24 11:00:00,A,PC,IT,2009,7.43,
ESTAT:SDG_06_60(1.0),19/04/24 11:00:00,A,PC,IT,2010,5.64,
ESTAT:SDG_06_60(1.0),19/04/24 11:00:00,A,PC,IT,2011,10.29,
ESTAT:SDG_06_60(1.0),19/04/24 11:00:00,A,PC,IT,2012,11.44,
ESTAT:SDG_06_60(1.0),19/04/24 11:00:00,A,PC,IT,2013,7.91,
ESTAT:SDG_06_60(1.0),19/04/24 11:00:00,A,PC,IT,2014,7.06,
ESTAT:SDG_06_60(1.0),19/04/24 11:00:00,A,PC,IT,2015,11.00,p
ESTAT:SDG_06_60(1.0),19/04/24 11:00:00,A,PC,IT,2016,9.80,p
ESTAT:SDG_06_60(1.0),19/04/24 11:00:00,A,PC,IT,2017,14.10,p
ESTAT:SDG_06_60(1.0),19/04/24 11:00:00,A,PC,IT,2018,7.30,p
ESTAT:SDG_06_60(1.0),19/04/24 11:00:00,A,PC,IT,2019,7.30,p
ESTAT:SDG_06_60(1.0),19/04/24 11:00:00,A,PC,LT,2000,1.98,
ESTAT:SDG_06_60(1.0),19/04/24 11:00:00,A,PC,LT,2001,2.56,
ESTAT:SDG_06_60(1.0),19/04/24 11:00:00,A,PC,LT,2002,3.15,
ESTAT:SDG_06_60(1.0),19/04/24 11:00:00,A,PC,LT,2003,4.91,
ESTAT:SDG_06_60(1.0),19/04/24 11:00:00,A,PC,LT,2004,3.32,
ESTAT:SDG_06_60(1.0),19/04/24 11:00:00,A,PC,LT,2005,2.58,
ESTAT:SDG_06_60(1.0),19/04/24 11:00:00,A,PC,LT,2006,2.90,
ESTAT:SDG_06_60(1.0),19/04/24 11:00:00,A,PC,LT,2007,2.22,
ESTAT:SDG_06_60(1.0),19/04/24 11:00:00,A,PC,LT,2008,2.75,
ESTAT:SDG_06_60(1.0),19/04/24 11:00:00,A,PC,LT,2009,3.02,
ESTAT:SDG_06_60(1.0),19/04/24 11:00:00,A,PC,LT,2010,0.78,
ESTAT:SDG_06_60(1.0),19/04/24 11:00:00,A,PC,LT,2011,0.71,
ESTAT:SDG_06_60(1.0),19/04/24 11:00:00,A,PC,LT,2012,0.86,
ESTAT:SDG_06_60(1.0),19/04/24 11:00:00,A,PC,LT,2013,0.62,
ESTAT:SDG_06_60(1.0),19/04/24 11:00:00,A,PC,LT,2014,0.78,
ESTAT:SDG_06_60(1.0),19/04/24 11:00:00,A,PC,LT,2015,0.78,
ESTAT:SDG_06_60(1.0),19/04/24 11:00:00,A,PC,LT,2016,0.52,
ESTAT:SDG_06_60(1.0),19/04/24 11:00:00,A,PC,LT,2017,0.33,
ESTAT:SDG_06_60(1.0),19/04/24 11:00:00,A,PC,LT,2018,0.56,
ESTAT:SDG_06_60(1.0),19/04/24 11:00:00,A,PC,LT,2019,0.66,
ESTAT:SDG_06_60(1.0),19/04/24 11:00:00,A,PC,LU,2000,0.29,
ESTAT:SDG_06_60(1.0),19/04/24 11:00:00,A,PC,LU,2001,0.27,
ESTAT:SDG_06_60(1.0),19/04/24 11:00:00,A,PC,LU,2002,0.28,
ESTAT:SDG_06_60(1.0),19/04/24 11:00:00,A,PC,LU,2003,0.56,
ESTAT:SDG_06_60(1.0),19/04/24 11:00:00,A,PC,LU,2004,0.52,
ESTAT:SDG_06_60(1.0),19/04/24 11:00:00,A,PC,LU,2005,0.65,
ESTAT:SDG_06_60(1.0),19/04/24 11:00:00,A,PC,LU,2006,0.41,
ESTAT:SDG_06_60(1.0),19/04/24 11:00:00,A,PC,LU,2007,0.34,
ESTAT:SDG_06_60(1.0),19/04/24 11:00:00,A,PC,LU,2008,0.39,
ESTAT:SDG_06_60(1.0),19/04/24 11:00:00,A,PC,LU,2009,0.58,
ESTAT:SDG_06_60(1.0),19/04/24 11:00:00,A,PC,LU,2010,0.51,
ESTAT:SDG_06_60(1.0),19/04/24 11:00:00,A,PC,LU,2011,0.87,
ESTAT:SDG_06_60(1.0),19/04/24 11:00:00,A,PC,LU,2012,0.53,
ESTAT:SDG_06_60(1.0),19/04/24 11:00:00,A,PC,LU,2013,0.38,
ESTAT:SDG_06_60(1.0),19/04/24 11:00:00,A,PC,LU,2014,0.59,
ESTAT:SDG_06_60(1.0),19/04/24 11:00:00,A,PC,LU,2015,0.60,
ESTAT:SDG_06_60(1.0),19/04/24 11:00:00,A,PC,LU,2016,0.42,
ESTAT:SDG_06_60(1.0),19/04/24 11:00:00,A,PC,LU,2017,0.60,
ESTAT:SDG_06_60(1.0),19/04/24 11:00:00,A,PC,LU,2018,0.48,
ESTAT:SDG_06_60(1.0),19/04/24 11:00:00,A,PC,LU,2019,0.53,
ESTAT:SDG_06_60(1.0),19/04/24 11:00:00,A,PC,LV,2000,0.35,
ESTAT:SDG_06_60(1.0),19/04/24 11:00:00,A,PC,LV,2001,0.29,
ESTAT:SDG_06_60(1.0),19/04/24 11:00:00,A,PC,LV,2002,0.34,
ESTAT:SDG_06_60(1.0),19/04/24 11:00:00,A,PC,LV,2003,0.30,
ESTAT:SDG_06_60(1.0),19/04/24 11:00:00,A,PC,LV,2004,0.27,
ESTAT:SDG_06_60(1.0),19/04/24 11:00:00,A,PC,LV,2005,0.30,
ESTAT:SDG_06_60(1.0),19/04/24 11:00:00,A,PC,LV,2006,0.35,
ESTAT:SDG_06_60(1.0),19/04/24 11:00:00,A,PC,LV,2007,0.30,
ESTAT:SDG_06_60(1.0),19/04/24 11:00:00,A,PC,LV,2008,0.27,
ESTAT:SDG_06_60(1.0),19/04/24 11:00:00,A,PC,LV,2009,0.24,
ESTAT:SDG_06_60(1.0),19/04/24 11:00:00,A,PC,LV,2010,0.26,
ESTAT:SDG_06_60(1.0),19/04/24 11:00:00,A,PC,LV,2011,0.19,
ESTAT:SDG_06_60(1.0),19/04/24 11:00:00,A,PC,LV,2012,0.18,
ESTAT:SDG_06_60(1.0),19/04/24 11:00:00,A,PC,LV,2013,0.22,
ESTAT:SDG_06_60(1.0),19/04/24 11:00:00,A,PC,LV,2014,0.37,
ESTAT:SDG_06_60(1.0),19/04/24 11:00:00,A,PC,LV,2015,0.40,
ESTAT:SDG_06_60(1.0),19/04/24 11:00:00,A,PC,LV,2016,0.31,
ESTAT:SDG_06_60(1.0),19/04/24 11:00:00,A,PC,LV,2017,0.18,
ESTAT:SDG_06_60(1.0),19/04/24 11:00:00,A,PC,LV,2018,0.33,
ESTAT:SDG_06_60(1.0),19/04/24 11:00:00,A,PC,LV,2019,0.39,
ESTAT:SDG_06_60(1.0),19/04/24 11:00:00,A,PC,MK,2000,5.39,
ESTAT:SDG_06_60(1.0),19/04/24 11:00:00,A,PC,MK,2001,6.93,
ESTAT:SDG_06_60(1.0),19/04/24 11:00:00,A,PC,MK,2002,3.53,
ESTAT:SDG_06_60(1.0),19/04/24 11:00:00,A,PC,MK,2003,3.77,
ESTAT:SDG_06_60(1.0),19/04/24 11:00:00,A,PC,MK,2004,7.29,
ESTAT:SDG_06_60(1.0),19/04/24 11:00:00,A,PC,MK,2005,6.46,
ESTAT:SDG_06_60(1.0),19/04/24 11:00:00,A,PC,MK,2006,3.97,
ESTAT:SDG_06_60(1.0),19/04/24 11:00:00,A,PC,MK,2007,3.07,
ESTAT:SDG_06_60(1.0),19/04/24 11:00:00,A,PC,MK,2008,4.91,
ESTAT:SDG_06_60(1.0),19/04/24 11:00:00,A,PC,MK,2009,4.17,
ESTAT:SDG_06_60(1.0),19/04/24 11:00:00,A,PC,MK,2010,2.27,
ESTAT:SDG_06_60(1.0),19/04/24 11:00:00,A,PC,MK,2011,6.26,
ESTAT:SDG_06_60(1.0),19/04/24 11:00:00,A,PC,MK,2012,4.50,
ESTAT:SDG_06_60(1.0),19/04/24 11:00:00,A,PC,MK,2013,1.54,
ESTAT:SDG_06_60(1.0),19/04/24 11:00:00,A,PC,MK,2014,1.76,
ESTAT:SDG_06_60(1.0),19/04/24 11:00:00,A,PC,MK,2015,4.95,
ESTAT:SDG_06_60(1.0),19/04/24 11:00:00,A,PC,MK,2016,1.76,
ESTAT:SDG_06_60(1.0),19/04/24 11:00:00,A,PC,MK,2017,3.90,
ESTAT:SDG_06_60(1.0),19/04/24 11:00:00,A,PC,MK,2018,1.74,
ESTAT:SDG_06_60(1.0),19/04/24 11:00:00,A,PC,MK,2019,3.17,
ESTAT:SDG_06_60(1.0),19/04/24 11:00:00,A,PC,MT,2000,26.57,
ESTAT:SDG_06_60(1.0),19/04/24 11:00:00,A,PC,MT,2001,34.94,
ESTAT:SDG_06_60(1.0),19/04/24 11:00:00,A,PC,MT,2002,27.93,
ESTAT:SDG_06_60(1.0),19/04/24 11:00:00,A,PC,MT,2003,15.04,
ESTAT:SDG_06_60(1.0),19/04/24 11:00:00,A,PC,MT,2004,24.97,
ESTAT:SDG_06_60(1.0),19/04/24 11:00:00,A,PC,MT,2005,25.32,
ESTAT:SDG_06_60(1.0),19/04/24 11:00:00,A,PC,MT,2006,25.05,
ESTAT:SDG_06_60(1.0),19/04/24 11:00:00,A,PC,MT,2007,25.25,
ESTAT:SDG_06_60(1.0),19/04/24 11:00:00,A,PC,MT,2008,28.66,
ESTAT:SDG_06_60(1.0),19/04/24 11:00:00,A,PC,MT,2009,20.77,
ESTAT:SDG_06_60(1.0),19/04/24 11:00:00,A,PC,MT,2010,32.16,
ESTAT:SDG_06_60(1.0),19/04/24 11:00:00,A,PC,MT,2011,27.88,
ESTAT:SDG_06_60(1.0),19/04/24 11:00:00,A,PC,MT,2012,29.06,
ESTAT:SDG_06_60(1.0),19/04/24 11:00:00,A,PC,MT,2013,34.95,
ESTAT:SDG_06_60(1.0),19/04/24 11:00:00,A,PC,MT,2014,33.03,
ESTAT:SDG_06_60(1.0),19/04/24 11:00:00,A,PC,MT,2015,28.62,
ESTAT:SDG_06_60(1.0),19/04/24 11:00:00,A,PC,MT,2016,42.52,
ESTAT:SDG_06_60(1.0),19/04/24 11:00:00,A,PC,MT,2017,35.20,
ESTAT:SDG_06_60(1.0),19/04/24 11:00:00,A,PC,MT,2018,26.07,
ESTAT:SDG_06_60(1.0),19/04/24 11:00:00,A,PC,MT,2019,29.60,
ESTAT:SDG_06_60(1.0),19/04/24 11:00:00,A,PC,NL,2000,2.31,
ESTAT:SDG_06_60(1.0),19/04/24 11:00:00,A,PC,NL,2001,2.75,
ESTAT:SDG_06_60(1.0),19/04/24 11:00:00,A,PC,NL,2002,2.19,
ESTAT:SDG_06_60(1.0),19/04/24 11:00:00,A,PC,NL,2003,5.69,
ESTAT:SDG_06_60(1.0),19/04/24 11:00:00,A,PC,NL,2004,5.92,
ESTAT:SDG_06_60(1.0),19/04/24 11:00:00,A,PC,NL,2005,5.12,
ESTAT:SDG_06_60(1.0),19/04/24 11:00:00,A,PC,NL,2006,4.35,
ESTAT:SDG_06_60(1.0),19/04/24 11:00:00,A,PC,NL,2007,4.14,
ESTAT:SDG_06_60(1.0),19/04/24 11:00:00,A,PC,NL,2008,5.30,
ESTAT:SDG_06_60(1.0),19/04/24 11:00:00,A,PC,NL,2009,5.96,
ESTAT:SDG_06_60(1.0),19/04/24 11:00:00,A,PC,NL,2010,4.40,
ESTAT:SDG_06_60(1.0),19/04/24 11:00:00,A,PC,NL,2011,5.23,
ESTAT:SDG_06_60(1.0),19/04/24 11:00:00,A,PC,NL,2012,4.56,
ESTAT:SDG_06_60(1.0),19/04/24 11:00:00,A,PC,NL,2013,4.11,
ESTAT:SDG_06_60(1.0),19/04/24 11:00:00,A,PC,NL,2014,4.55,
ESTAT:SDG_06_60(1.0),19/04/24 11:00:00,A,PC,NL,2015,3.80,
ESTAT:SDG_06_60(1.0),19/04/24 11:00:00,A,PC,NL,2016,3.79,
ESTAT:SDG_06_60(1.0),19/04/24 11:00:00,A,PC,NL,2017,4.52,
ESTAT:SDG_06_60(1.0),19/04/24 11:00:00,A,PC,NL,2018,4.83,
ESTAT:SDG_06_60(1.0),19/04/24 11:00:00,A,PC,NL,2019,4.82,
ESTAT:SDG_06_60(1.0),19/04/24 11:00:00,A,PC,NO,2000,0.14,
ESTAT:SDG_06_60(1.0),19/04/24 11:00:00,A,PC,NO,2001,0.20,
ESTAT:SDG_06_60(1.0),19/04/24 11:00:00,A,PC,NO,2002,0.24,
ESTAT:SDG_06_60(1.0),19/04/24 11:00:00,A,PC,NO,2003,0.29,
ESTAT:SDG_06_60(1.0),19/04/24 11:00:00,A,PC,NO,2004,0.24,
ESTAT:SDG_06_60(1.0),19/04/24 11:00:00,A,PC,NO,2005,0.23,
ESTAT:SDG_06_60(1.0),19/04/24 11:00:00,A,PC,NO,2006,0.27,
ESTAT:SDG_06_60(1.0),19/04/24 11:00:00,A,PC,NO,2007,0.23,
ESTAT:SDG_06_60(1.0),19/04/24 11:00:00,A,PC,NO,2008,0.26,
ESTAT:SDG_06_60(1.0),19/04/24 11:00:00,A,PC,NO,2009,0.25,
ESTAT:SDG_06_60(1.0),19/04/24 11:00:00,A,PC,NO,2010,0.20,
ESTAT:SDG_06_60(1.0),19/04/24 11:00:00,A,PC,NO,2011,0.20,
ESTAT:SDG_06_60(1.0),19/04/24 11:00:00,A,PC,NO,2012,0.23,
ESTAT:SDG_06_60(1.0),19/04/24 11:00:00,A,PC,NO,2013,0.24,
ESTAT:SDG_06_60(1.0),19/04/24 11:00:00,A,PC,NO,2014,0.23,
ESTAT:SDG_06_60(1.0),19/04/24 11:00:00,A,PC,NO,2015,0.16,
ESTAT:SDG_06_60(1.0),19/04/24 11:00:00,A,PC,NO,2016,0.21,
ESTAT:SDG_06_60(1.0),19/04/24 11:00:00,A,PC,NO,2017,0.18,
ESTAT:SDG_06_60(1.0),19/04/24 11:00:00,A,PC,NO,2018,0.20,
ESTAT:SDG_06_60(1.0),19/04/24 11:00:00,A,PC,NO,2019,0.07,
ESTAT:SDG_06_60(1.0),19/04/24 11:00:00,A,PC,PL,2000,6.80,
ESTAT:SDG_06_60(1.0),19/04/24 11:00:00,A,PC,PL,2001,7.19,
ESTAT:SDG_06_60(1.0),19/04/24 11:00:00,A,PC,PL,2002,6.62,
ESTAT:SDG_06_60(1.0),19/04/24 11:00:00,A,PC,PL,2003,8.57,
ESTAT:SDG_06_60(1.0),19/04/24 11:00:00,A,PC,PL,2004,8.29,
ESTAT:SDG_06_60(1.0),19/04/24 11:00:00,A,PC,PL,2005,7.05,
ESTAT:SDG_06_60(1.0),19/04/24 11:00:00,A,PC,PL,2006,8.90,
ESTAT:SDG_06_60(1.0),19/04/24 11:00:00,A,PC,PL,2007,7.75,
ESTAT:SDG_06_60(1.0),19/04/24 11:00:00,A,PC,PL,2008,7.68,
ESTAT:SDG_06_60(1.0),19/04/24 11:00:00,A,PC,PL,2009,8.58,
ESTAT:SDG_06_60(1.0),19/04/24 11:00:00,A,PC,PL,2010,5.52,
ESTAT:SDG_06_60(1.0),19/04/24 11:00:00,A,PC,PL,2011,5.46,
ESTAT:SDG_06_60(1.0),19/04/24 11:00:00,A,PC,PL,2012,8.31,
ESTAT:SDG_06_60(1.0),19/04/24 11:00:00,A,PC,PL,2013,6.00,
ESTAT:SDG_06_60(1.0),19/04/24 11:00:00,A,PC,PL,2014,7.77,
ESTAT:SDG_06_60(1.0),19/04/24 11:00:00,A,PC,PL,2015,8.32,
ESTAT:SDG_06_60(1.0),19/04/24 11:00:00,A,PC,PL,2016,10.53,
ESTAT:SDG_06_60(1.0),19/04/24 11:00:00,A,PC,PL,2017,6.42,
ESTAT:SDG_06_60(1.0),19/04/24 11:00:00,A,PC,PL,2018,5.84,
ESTAT:SDG_06_60(1.0),19/04/24 11:00:00,A,PC,PL,2019,8.70,
ESTAT:SDG_06_60(1.0),19/04/24 11:00:00,A,PC,PT,2000,44.00,
ESTAT:SDG_06_60(1.0),19/04/24 11:00:00,A,PC,PT,2001,52.28,
ESTAT:SDG_06_60(1.0),19/04/24 11:00:00,A,PC,PT,2002,44.00,
ESTAT:SDG_06_60(1.0),19/04/24 11:00:00,A,PC,PT,2003,20.34,
ESTAT:SDG_06_60(1.0),19/04/24 11:00:00,A,PC,PT,2004,21.12,
ESTAT:SDG_06_60(1.0),19/04/24 11:00:00,A,PC,PT,2005,78.23,
ESTAT:SDG_06_60(1.0),19/04/24 11:00:00,A,PC,PT,2006,76.62,
ESTAT:SDG_06_60(1.0),19/04/24 11:00:00,A,PC,PT,2007,16.10,
ESTAT:SDG_06_60(1.0),19/04/24 11:00:00,A,PC,PT,2008,36.74,
ESTAT:SDG_06_60(1.0),19/04/24 11:00:00,A,PC,PT,2009,31.97,
ESTAT:SDG_06_60(1.0),19/04/24 11:00:00,A,PC,PT,2010,9.27,
ESTAT:SDG_06_60(1.0),19/04/24 11:00:00,A,PC,PT,2011,15.41,
ESTAT:SDG_06_60(1.0),19/04/24 11:00:00,A,PC,PT,2012,20.29,
ESTAT:SDG_06_60(1.0),19/04/24 11:00:00,A,PC,PT,2013,10.11,
ESTAT:SDG_06_60(1.0),19/04/24 11:00:00,A,PC,PT,2014,10.54,
ESTAT:SDG_06_60(1.0),19/04/24 11:00:00,A,PC,PT,2015,29.10,
ESTAT:SDG_06_60(1.0),19/04/24 11:00:00,A,PC,PT,2016,13.06,
ESTAT:SDG_06_60(1.0),19/04/24 11:00:00,A,PC,PT,2017,23.25,
ESTAT:SDG_06_60(1.0),19/04/24 11:00:00,A,PC,PT,2018,21.27,
ESTAT:SDG_06_60(1.0),19/04/24 11:00:00,A,PC,PT,2019,11.36,
ESTAT:SDG_06_60(1.0),19/04/24 11:00:00,A,PC,RO,2000,12.21,
ESTAT:SDG_06_60(1.0),19/04/24 11:00:00,A,PC,RO,2001,10.93,
ESTAT:SDG_06_60(1.0),19/04/24 11:00:00,A,PC,RO,2002,11.76,
ESTAT:SDG_06_60(1.0),19/04/24 11:00:00,A,PC,RO,2003,15.90,
ESTAT:SDG_06_60(1.0),19/04/24 11:00:00,A,PC,RO,2004,7.93,
ESTAT:SDG_06_60(1.0),19/04/24 11:00:00,A,PC,RO,2005,5.40,
ESTAT:SDG_06_60(1.0),19/04/24 11:00:00,A,PC,RO,2006,5.29,
ESTAT:SDG_06_60(1.0),19/04/24 11:00:00,A,PC,RO,2007,10.06,
ESTAT:SDG_06_60(1.0),19/04/24 11:00:00,A,PC,RO,2008,19.45,
ESTAT:SDG_06_60(1.0),19/04/24 11:00:00,A,PC,RO,2009,12.48,
ESTAT:SDG_06_60(1.0),19/04/24 11:00:00,A,PC,RO,2010,9.84,
ESTAT:SDG_06_60(1.0),19/04/24 11:00:00,A,PC,RO,2011,18.56,
ESTAT:SDG_06_60(1.0),19/04/24 11:00:00,A,PC,RO,2012,24.67,
ESTAT:SDG_06_60(1.0),19/04/24 11:00:00,A,PC,RO,2013,19.05,
ESTAT:SDG_06_60(1.0),19/04/24 11:00:00,A,PC,RO,2014,25.23,
ESTAT:SDG_06_60(1.0),19/04/24 11:00:00,A,PC,RO,2015,23.83,
ESTAT:SDG_06_60(1.0),19/04/24 11:00:00,A,PC,RO,2016,15.04,
ESTAT:SDG_06_60(1.0),19/04/24 11:00:00,A,PC,RO,2017,21.98,
ESTAT:SDG_06_60(1.0),19/04/24 11:00:00,A,PC,RO,2018,19.37,
ESTAT:SDG_06_60(1.0),19/04/24 11:00:00,A,PC,RO,2019,9.03,
ESTAT:SDG_06_60(1.0),19/04/24 11:00:00,A,PC,RS,2000,19.62,
ESTAT:SDG_06_60(1.0),19/04/24 11:00:00,A,PC,RS,2001,5.99,
ESTAT:SDG_06_60(1.0),19/04/24 11:00:00,A,PC,RS,2002,8.05,
ESTAT:SDG_06_60(1.0),19/04/24 11:00:00,A,PC,RS,2003,9.23,
ESTAT:SDG_06_60(1.0),19/04/24 11:00:00,A,PC,RS,2004,5.67,
ESTAT:SDG_06_60(1.0),19/04/24 11:00:00,A,PC,RS,2005,8.97,
ESTAT:SDG_06_60(1.0),19/04/24 11:00:00,A,PC,RS,2006,35.80,
ESTAT:SDG_06_60(1.0),19/04/24 11:00:00,A,PC,RS,2007,21.55,
ESTAT:SDG_06_60(1.0),19/04/24 11:00:00,A,PC,RS,2008,8.93,
ESTAT:SDG_06_60(1.0),19/04/24 11:00:00,A,PC,RS,2009,10.67,
ESTAT:SDG_06_60(1.0),19/04/24 11:00:00,A,PC,RS,2010,6.04,
ESTAT:SDG_06_60(1.0),19/04/24 11:00:00,A,PC,RS,2011,4.74,
ESTAT:SDG_06_60(1.0),19/04/24 11:00:00,A,PC,RS,2012,8.59,
ESTAT:SDG_06_60(1.0),19/04/24 11:00:00,A,PC,RS,2013,3.17,
ESTAT:SDG_06_60(1.0),19/04/24 11:00:00,A,PC,RS,2014,2.74,
ESTAT:SDG_06_60(1.0),19/04/24 11:00:00,A,PC,RS,2015,35.80,
ESTAT:SDG_06_60(1.0),19/04/24 11:00:00,A,PC,RS,2016,4.55,
ESTAT:SDG_06_60(1.0),19/04/24 11:00:00,A,PC,RS,2017,35.80,
ESTAT:SDG_06_60(1.0),19/04/24 11:00:00,A,PC,RS,2018,6.91,
ESTAT:SDG_06_60(1.0),19/04/24 11:00:00,A,PC,RS,2019,2.42,
ESTAT:SDG_06_60(1.0),19/04/24 11:00:00,A,PC,SE,2000,0.85,
ESTAT:SDG_06_60(1.0),19/04/24 11:00:00,A,PC,SE,2001,1.20,
ESTAT:SDG_06_60(1.0),19/04/24 11:00:00,A,PC,SE,2002,1.30,
ESTAT:SDG_06_60(1.0),19/04/24 11:00:00,A,PC,SE,2003,1.84,
ESTAT:SDG_06_60(1.0),19/04/24 11:00:00,A,PC,SE,2004,1.60,
ESTAT:SDG_06_60(1.0),19/04/24 11:00:00,A,PC,SE,2005,1.92,
ESTAT:SDG_06_60(1.0),19/04/24 11:00:00,A,PC,SE,2006,1.35,
ESTAT:SDG_06_60(1.0),19/04/24 11:00:00,A,PC,SE,2007,1.54,
ESTAT:SDG_06_60(1.0),19/04/24 11:00:00,A,PC,SE,2008,1.33,
ESTAT:SDG_06_60(1.0),19/04/24 11:00:00,A,PC,SE,2009,1.37,
ESTAT:SDG_06_60(1.0),19/04/24 11:00:00,A,PC,SE,2010,1.92,
ESTAT:SDG_06_60(1.0),19/04/24 11:00:00,A,PC,SE,2011,1.10,
ESTAT:SDG_06_60(1.0),19/04/24 11:00:00,A,PC,SE,2012,0.88,
ESTAT:SDG_06_60(1.0),19/04/24 11:00:00,A,PC,SE,2013,1.27,
ESTAT:SDG_06_60(1.0),19/04/24 11:00:00,A,PC,SE,2014,1.12,
ESTAT:SDG_06_60(1.0),19/04/24 11:00:00,A,PC,SE,2015,0.76,
ESTAT:SDG_06_60(1.0),19/04/24 11:00:00,A,PC,SE,2016,1.06,
ESTAT:SDG_06_60(1.0),19/04/24 11:00:00,A,PC,SE,2017,0.69,
ESTAT:SDG_06_60(1.0),19/04/24 11:00:00,A,PC,SE,2018,1.03,
ESTAT:SDG_06_60(1.0),19/04/24 11:00:00,A,PC,SE,2019,0.22,
ESTAT:SDG_06_60(1.0),19/04/24 11:00:00,A,PC,SI,2000,0.52,
ESTAT:SDG_06_60(1.0),19/04/24 11:00:00,A,PC,SI,2001,0.65,
ESTAT:SDG_06_60(1.0),19/04/24 11:00:00,A,PC,SI,2002,0.80,
ESTAT:SDG_06_60(1.0),19/04/24 11:00:00,A,PC,SI,2003,0.98,
ESTAT:SDG_06_60(1.0),19/04/24 11:00:00,A,PC,SI,2004,0.68,
ESTAT:SDG_06_60(1.0),19/04/24 11:00:00,A,PC,SI,2005,0.72,
ESTAT:SDG_06_60(1.0),19/04/24 11:00:00,A,PC,SI,2006,0.77,
ESTAT:SDG_06_60(1.0),19/04/24 11:00:00,A,PC,SI,2007,0.89,
ESTAT:SDG_06_60(1.0),19/04/24 11:00:00,A,PC,SI,2008,0.78,
ESTAT:SDG_06_60(1.0),19/04/24 11:00:00,A,PC,SI,2009,0.61,
ESTAT:SDG_06_60(1.0),19/04/24 11:00:00,A,PC,SI,2010,0.55,
ESTAT:SDG_06_60(1.0),19/04/24 11:00:00,A,PC,SI,2011,0.81,
ESTAT:SDG_06_60(1.0),19/04/24 11:00:00,A,PC,SI,2012,0.55,
ESTAT:SDG_06_60(1.0),19/04/24 11:00:00,A,PC,SI,2013,0.50,
ESTAT:SDG_06_60(1.0),19/04/24 11:00:00,A,PC,SI,2014,0.44,
ESTAT:SDG_06_60(1.0),19/04/24 11:00:00,A,PC,SI,2015,0.75,
ESTAT:SDG_06_60(1.0),19/04/24 11:00:00,A,PC,SI,2016,0.58,
ESTAT:SDG_06_60(1.0),19/04/24 11:00:00,A,PC,SI,2017,0.67,
ESTAT:SDG_06_60(1.0),19/04/24 11:00:00,A,PC,SI,2018,0.60,
ESTAT:SDG_06_60(1.0),19/04/24 11:00:00,A,PC,SI,2019,0.44,
ESTAT:SDG_06_60(1.0),19/04/24 11:00:00,A,PC,SK,2000,0.69,
ESTAT:SDG_06_60(1.0),19/04/24 11:00:00,A,PC,SK,2001,0.72,
ESTAT:SDG_06_60(1.0),19/04/24 11:00:00,A,PC,SK,2002,0.67,
ESTAT:SDG_06_60(1.0),19/04/24 11:00:00,A,PC,SK,2003,1.00,
ESTAT:SDG_06_60(1.0),19/04/24 11:00:00,A,PC,SK,2004,0.82,
ESTAT:SDG_06_60(1.0),19/04/24 11:00:00,A,PC,SK,2005,0.61,
ESTAT:SDG_06_60(1.0),19/04/24 11:00:00,A,PC,SK,2006,0.47,
ESTAT:SDG_06_60(1.0),19/04/24 11:00:00,A,PC,SK,2007,0.48,
ESTAT:SDG_06_60(1.0),19/04/24 11:00:00,A,PC,SK,2008,0.45,
ESTAT:SDG_06_60(1.0),19/04/24 11:00:00,A,PC,SK,2009,0.37,
ESTAT:SDG_06_60(1.0),19/04/24 11:00:00,A,PC,SK,2010,0.28,
ESTAT:SDG_06_60(1.0),19/04/24 11:00:00,A,PC,SK,2011,0.50,
ESTAT:SDG_06_60(1.0),19/04/24 11:00:00,A,PC,SK,2012,0.51,
ESTAT:SDG_06_60(1.0),19/04/24 11:00:00,A,PC,SK,2013,0.24,
ESTAT:SDG_06_60(1.0),19/04/24 11:00:00,A,PC,SK,2014,0.29,
ESTAT:SDG_06_60(1.0),19/04/24 11:00:00,A,PC,SK,2015,0.33,
ESTAT:SDG_06_60(1.0),19/04/24 11:00:00,A,PC,SK,2016,0.25,
ESTAT:SDG_06_60(1.0),19/04/24 11:00:00,A,PC,SK,2017,0.28,
ESTAT:SDG_06_60(1.0),19/04/24 11:00:00,A,PC,SK,2018,1.34,p
ESTAT:SDG_06_60(1.0),19/04/24 11:00:00,A,PC,SK,2019,1.24,p
ESTAT:SDG_06_60(1.0),19/04/24 11:00:00,A,PC,TR,2000,12.84,
ESTAT:SDG_06_60(1.0),19/04/24 11:00:00,A,PC,TR,2001,11.89,
ESTAT:SDG_06_60(1.0),19/04/24 11:00:00,A,PC,TR,2002,10.18,
ESTAT:SDG_06_60(1.0),19/04/24 11:00:00,A,PC,TR,2003,10.12,
ESTAT:SDG_06_60(1.0),19/04/24 11:00:00,A,PC,TR,2004,12.55,
ESTAT:SDG_06_60(1.0),19/04/24 11:00:00,A,PC,TR,2005,12.07,
ESTAT:SDG_06_60(1.0),19/04/24 11:00:00,A,PC,TR,2006,11.47,
ESTAT:SDG_06_60(1.0),19/04/24 11:00:00,A,PC,TR,2007,13.21,
ESTAT:SDG_06_60(1.0),19/04/24 11:00:00,A,PC,TR,2008,17.27,
ESTAT:SDG_06_60(1.0),19/04/24 11:00:00,A,PC,TR,2009,9.52,
ESTAT:SDG_06_60(1.0),19/04/24 11:00:00,A,PC,TR,2010,9.05,
ESTAT:SDG_06_60(1.0),19/04/24 11:00:00,A,PC,TR,2011,13.40,
ESTAT:SDG_06_60(1.0),19/04/24 11:00:00,A,PC,TR,2012,11.56,
ESTAT:SDG_06_60(1.0),19/04/24 11:00:00,A,PC,TR,2013,13.97,
ESTAT:SDG_06_60(1.0),19/04/24 11:00:00,A,PC,TR,2014,16.63,
ESTAT:SDG_06_60(1.0),19/04/24 11:00:00,A,PC,TR,2015,14.04,
ESTAT:SDG_06_60(1.0),19/04/24 11:00:00,A,PC,TR,2016,16.33,
ESTAT:SDG_06_60(1.0),19/04/24 11:00:00,A,PC,TR,2017,13.19,
ESTAT:SDG_06_60(1.0),19/04/24 11:00:00,A,PC,TR,2018,14.03,
ESTAT:SDG_06_60(1.0),19/04/24 11:00:00,A,PC,TR,2019,14.03,
ESTAT:SDG_06_60(1.0),19/04/24 11:00:00,A,PC,XK,2000,0.41,
ESTAT:SDG_06_60(1.0),19/04/24 11:00:00,A,PC,XK,2001,0.46,
ESTAT:SDG_06_60(1.0),19/04/24 11:00:00,A,PC,XK,2002,0.48,
ESTAT:SDG_06_60(1.0),19/04/24 11:00:00,A,PC,XK,2003,0.36,
ESTAT:SDG_06_60(1.0),19/04/24 11:00:00,A,PC,XK,2004,0.54,
ESTAT:SDG_06_60(1.0),19/04/24 11:00:00,A,PC,XK,2005,0.62,
ESTAT:SDG_06_60(1.0),19/04/24 11:00:00,A,PC,XK,2006,0.62,
ESTAT:SDG_06_60(1.0),19/04/24 11:00:00,A,PC,XK,2007,1.02,
ESTAT:SDG_06_60(1.0),19/04/24 11:00:00,A,PC,XK,2008,0.88,
ESTAT:SDG_06_60(1.0),19/04/24 11:00:00,A,PC,XK,2009,0.76,
ESTAT:SDG_06_60(1.0),19/04/24 11:00:00,A,PC,XK,2010,1.81,
ESTAT:SDG_06_60(1.0),19/04/24 11:00:00,A,PC,XK,2011,4.69,
ESTAT:SDG_06_60(1.0),19/04/24 11:00:00,A,PC,XK,2012,4.04,
ESTAT:SDG_06_60(1.0),19/04/24 11:00:00,A,PC,XK,2013,2.92,
ESTAT:SDG_06_60(1.0),19/04/24 11:00:00,A,PC,XK,2014,4.26,
ESTAT:SDG_06_60(1.0),19/04/24 11:00:00,A,PC,XK,2015,4.82,
ESTAT:SDG_06_60(1.0),19/04/24 11:00:00,A,PC,XK,2016,3.80,
ESTAT:SDG_06_60(1.0),19/04/24 11:00:00,A,PC,XK,2017,6.25,
ESTAT:SDG_06_60(1.0),19/04/24 11:00:00,A,PC,XK,2018,3.43,
ESTAT:SDG_06_60(1.0),19/04/24 11:00:00,A,PC,XK,2019,6.41,
