,avail_qty,businesstype,docstatus,end,nominal_power,plant_type,production_resource_id,resolution,start
5,0.0,Planned maintenance,,2022-12-31 23:00:00+00:00,140.0,Fossil Gas,14W-PROD-LAU---8,PT15M,2021-12-31 23:00:00+00:00
8,0.0,Planned maintenance,,2022-07-28 22:00:00+00:00,255.0,Fossil Gas,14W-KW-THE-EVN-7,PT15M,2022-06-16 22:00:00+00:00
9,0.0,Planned maintenance,,2022-07-28 22:00:00+00:00,240.0,Fossil Gas,14W-KW-THE-EVN-7,PT15M,2022-06-16 22:00:00+00:00
10,0.0,Planned maintenance,,2022-03-29 22:00:00+00:00,421.0,Fossil Gas,14W-WGM-KW-----J,PT15M,2022-02-08 23:00:00+00:00
14,240.0,Unplanned outage,,2022-01-01 10:00:00+00:00,480.0,Hydro Pumped Storage,14W-TKP-KW-----I,PT15M,2022-01-01 10:00:00+00:00
15,0.0,Unplanned outage,,2022-01-02 01:00:00+00:00,120.0,Hydro Water Reservoir,14W-TKS-KW-----P,PT15M,2022-01-01 23:00:00+00:00
16,0.0,Unplanned outage,,2022-01-02 09:00:00+00:00,120.0,Hydro Water Reservoir,14W-TKS-KW-----P,PT15M,2022-01-02 03:00:00+00:00
17,0.0,Unplanned outage,,2022-01-03 01:00:00+00:00,295.0,Fossil Gas,14W-PROD-SIM---P,PT1M,2022-01-03 01:00:00+00:00
18,0.0,Unplanned outage,,2022-01-03 02:00:00+00:00,295.0,Fossil Gas,14W-PROD-SIM---P,PT1M,2022-01-03 02:00:00+00:00
19,0.0,Unplanned outage,,2022-01-03 02:00:00+00:00,295.0,Fossil Gas,14W-PROD-SIM---P,PT1M,2022-01-03 02:00:00+00:00
20,0.0,Unplanned outage,,2022-01-03 01:00:00+00:00,295.0,Fossil Gas,14W-PROD-SIM---P,PT1M,2022-01-03 01:00:00+00:00
21,0.0,Unplanned outage,,2022-01-03 02:00:00+00:00,295.0,Fossil Gas,14W-PROD-SIM---P,PT15M,2022-01-03 01:00:00+00:00
22,0.0,Unplanned outage,,2022-01-03 02:00:00+00:00,295.0,Fossil Gas,14W-PROD-SIM---P,PT15M,2022-01-03 01:00:00+00:00
23,0.0,Unplanned outage,,2022-01-04 08:00:00+00:00,120.0,Hydro Pumped Storage,14W-DMO-KW-----D,PT15M,2022-01-04 01:00:00+00:00
24,0.0,Unplanned outage,,2022-01-03 01:00:00+00:00,250.0,Fossil Gas,14W-PROD-SIM---P,PT1M,2022-01-03 01:00:00+00:00
25,0.0,Unplanned outage,,2022-01-03 02:00:00+00:00,250.0,Fossil Gas,14W-PROD-SIM---P,PT1M,2022-01-03 02:00:00+00:00
26,0.0,Unplanned outage,,2022-01-03 02:00:00+00:00,250.0,Fossil Gas,14W-PROD-SIM---P,PT15M,2022-01-03 01:00:00+00:00
27,0.0,Unplanned outage,,2022-01-06 05:00:00+00:00,129.0,Hydro Pumped Storage,14W-TKO-KW-----S,PT15M,2022-01-06 04:00:00+00:00
28,0.0,Unplanned outage,,2022-01-03 13:00:00+00:00,395.0,Fossil Gas,14W-PROD-DO----O,PT1M,2022-01-03 13:00:00+00:00
29,0.0,Unplanned outage,,2022-01-06 19:00:00+00:00,395.0,Fossil Gas,14W-PROD-DO----O,PT15M,2022-01-03 13:00:00+00:00
30,240.0,Unplanned outage,,2022-01-09 01:00:00+00:00,480.0,Hydro Pumped Storage,14W-TKP-KW-----I,PT15M,2022-01-09 00:00:00+00:00
31,120.0,Unplanned outage,,2022-01-09 08:00:00+00:00,240.0,Hydro Pumped Storage,14W-TZR-KW-----I,PT15M,2022-01-09 02:00:00+00:00
32,0.0,Unplanned outage,,2022-01-09 09:00:00+00:00,129.0,Hydro Pumped Storage,14W-TKO-KW-----S,PT15M,2022-01-09 07:00:00+00:00
33,215.0,Unplanned outage,,2022-01-09 16:00:00+00:00,430.0,Hydro Pumped Storage,14W-DRP-KW-----M,PT15M,2022-01-09 15:00:00+00:00
34,0.0,Unplanned outage,,2022-01-10 05:00:00+00:00,340.0,Fossil Gas,14W-PROD-SIM---P,PT15M,2022-01-10 03:00:00+00:00
35,0.0,Unplanned outage,,2022-01-10 03:00:00+00:00,340.0,Fossil Gas,14W-PROD-SIM---P,PT1M,2022-01-10 03:00:00+00:00
36,200.0,Unplanned outage,,2022-01-10 10:00:00+00:00,420.0,Hydro Pumped Storage,14W-TZH-KW-----7,PT15M,2022-01-10 09:00:00+00:00
37,0.0,Unplanned outage,,2022-01-11 05:00:00+00:00,129.0,Hydro Pumped Storage,14W-TKO-KW-----S,PT15M,2022-01-11 04:00:00+00:00
38,120.0,Unplanned outage,,2022-01-11 12:00:00+00:00,240.0,Hydro Pumped Storage,14W-TZR-KW-----I,PT15M,2022-01-11 11:00:00+00:00
39,547.5,Unplanned outage,,2022-01-11 13:00:00+00:00,727.5,Hydro Pumped Storage,14W-DMH-KW-----9,PT15M,2022-01-09 23:00:00+00:00
40,0.0,Planned maintenance,,2022-01-11 15:00:00+00:00,215.0,Hydro Water Reservoir,14W-TZG-KW-----H,PT15M,2022-01-11 07:00:00+00:00
41,0.0,Unplanned outage,,2022-01-11 18:00:00+00:00,129.0,Hydro Pumped Storage,14W-TKO-KW-----S,PT15M,2022-01-11 06:00:00+00:00
42,0.0,Unplanned outage,,2022-01-12 07:00:00+00:00,129.0,Hydro Pumped Storage,14W-TKO-KW-----S,PT15M,2022-01-12 05:00:00+00:00
47,120.0,Unplanned outage,,2022-01-12 14:00:00+00:00,240.0,Hydro Pumped Storage,14W-TZR-KW-----I,PT15M,2022-01-12 12:00:00+00:00
48,0.0,Unplanned outage,,2022-01-12 18:00:00+00:00,129.0,Hydro Pumped Storage,14W-TKO-KW-----S,PT15M,2022-01-12 10:00:00+00:00
49,215.0,Unplanned outage,,2022-01-13 05:00:00+00:00,430.0,Hydro Pumped Storage,14W-DRP-KW-----M,PT15M,2022-01-13 03:00:00+00:00
51,0.0,Unplanned outage,,2022-01-13 16:00:00+00:00,129.0,Hydro Pumped Storage,14W-TKO-KW-----S,PT15M,2022-01-13 07:00:00+00:00
52,0.0,Unplanned outage,,2022-01-13 09:00:00+00:00,120.0,Hydro Pumped Storage,14W-DMO-KW-----D,PT15M,2022-01-13 03:00:00+00:00
53,240.0,Unplanned outage,,2022-01-13 10:00:00+00:00,480.0,Hydro Pumped Storage,14W-TKP-KW-----I,PT15M,2022-01-13 00:00:00+00:00
54,0.0,Planned maintenance,,2022-01-13 15:00:00+00:00,215.0,Hydro Water Reservoir,14W-TZG-KW-----H,PT15M,2022-01-13 07:00:00+00:00
55,240.0,Unplanned outage,,2022-01-13 23:00:00+00:00,480.0,Hydro Pumped Storage,14W-TKP-KW-----I,PT15M,2022-01-13 20:00:00+00:00
56,0.0,Unplanned outage,,2022-01-14 09:00:00+00:00,129.0,Hydro Pumped Storage,14W-TKO-KW-----S,PT15M,2022-01-14 05:00:00+00:00
57,200.0,Unplanned outage,,2022-01-17 09:00:00+00:00,420.0,Hydro Pumped Storage,14W-TZH-KW-----7,PT15M,2022-01-17 09:00:00+00:00
58,215.0,Unplanned outage,,2022-01-17 09:00:00+00:00,430.0,Hydro Pumped Storage,14W-DRP-KW-----M,PT15M,2022-01-17 06:00:00+00:00
59,215.0,Unplanned outage,,2022-01-18 11:00:00+00:00,430.0,Hydro Pumped Storage,14W-DRP-KW-----M,PT15M,2022-01-17 16:00:00+00:00
61,0.0,Unplanned outage,,2022-01-19 05:00:00+00:00,120.0,Hydro Pumped Storage,14W-DMO-KW-----D,PT15M,2022-01-19 02:00:00+00:00
62,0.0,Unplanned outage,,2022-01-19 03:00:00+00:00,120.0,Hydro Water Reservoir,14W-TKS-KW-----P,PT15M,2022-01-19 00:00:00+00:00
63,200.0,Unplanned outage,,2022-01-19 03:00:00+00:00,420.0,Hydro Pumped Storage,14W-TZH-KW-----7,PT15M,2022-01-19 02:00:00+00:00
64,0.0,Planned maintenance,,2022-01-19 15:00:00+00:00,280.0,Hydro Water Reservoir,14W-TKH-KW-----O,PT15M,2022-01-19 12:00:00+00:00
65,222.0,Unplanned outage,,2022-01-24 10:00:00+00:00,333.0,Hydro Run-of-river and poundage,14W-BAW-KW-----F,PT15M,2022-01-24 10:00:00+00:00
66,215.0,Unplanned outage,,2022-01-24 18:00:00+00:00,430.0,Hydro Pumped Storage,14W-DRP-KW-----M,PT15M,2022-01-24 15:00:00+00:00
67,200.0,Unplanned outage,,2022-01-25 06:00:00+00:00,420.0,Hydro Pumped Storage,14W-TZH-KW-----7,PT15M,2022-01-25 05:00:00+00:00
68,0.0,Planned maintenance,,2022-01-25 16:00:00+00:00,420.0,Hydro Pumped Storage,14W-TZH-KW-----7,PT15M,2022-01-25 11:00:00+00:00
69,170.0,Unplanned outage,,2022-01-25 23:00:00+00:00,280.0,Hydro Water Reservoir,14W-TKH-KW-----O,PT15M,2022-01-25 22:00:00+00:00
70,0.0,Planned maintenance,,2022-01-26 16:00:00+00:00,420.0,Hydro Pumped Storage,14W-TZH-KW-----7,PT15M,2022-01-26 11:00:00+00:00
71,200.0,Unplanned outage,,2022-01-27 00:00:00+00:00,420.0,Hydro Pumped Storage,14W-TZH-KW-----7,PT15M,2022-01-26 23:00:00+00:00
72,200.0,Unplanned outage,,2022-01-27 06:00:00+00:00,420.0,Hydro Pumped Storage,14W-TZH-KW-----7,PT15M,2022-01-27 05:00:00+00:00
73,0.0,Planned maintenance,,2022-01-30 23:00:00+00:00,340.0,Fossil Gas,14W-PROD-SIM---P,PT15M,2022-01-28 23:00:00+00:00
75,0.0,Unplanned outage,,2022-01-27 09:00:00+00:00,136.0,Hydro Pumped Storage,14W-TKO-KW-----S,PT15M,2022-01-26 16:00:00+00:00
76,0.0,Unplanned outage,,2022-01-27 09:00:00+00:00,420.0,Hydro Pumped Storage,14W-TZH-KW-----7,PT15M,2022-01-27 09:00:00+00:00
78,0.0,Unplanned outage,,2022-01-27 15:00:00+00:00,420.0,Hydro Pumped Storage,14W-TZH-KW-----7,PT15M,2022-01-27 11:00:00+00:00
79,0.0,Unplanned outage,,2022-01-28 02:00:00+00:00,136.0,Hydro Pumped Storage,14W-TKO-KW-----S,PT15M,2022-01-27 18:00:00+00:00
80,200.0,Unplanned outage,,2022-01-28 21:00:00+00:00,420.0,Hydro Pumped Storage,14W-TZH-KW-----7,PT15M,2022-01-28 20:00:00+00:00
81,0.0,Unplanned outage,,2022-01-30 01:00:00+00:00,136.0,Hydro Pumped Storage,14W-TKO-KW-----S,PT15M,2022-01-29 23:00:00+00:00
82,547.5,Unplanned outage,,2022-01-31 00:00:00+00:00,727.5,Hydro Pumped Storage,14W-DMH-KW-----9,PT15M,2022-01-30 22:00:00+00:00
83,547.5,Unplanned outage,,2022-01-31 05:00:00+00:00,727.5,Hydro Pumped Storage,14W-DMH-KW-----9,PT15M,2022-01-31 05:00:00+00:00
84,200.0,Unplanned outage,,2022-01-31 06:00:00+00:00,420.0,Hydro Pumped Storage,14W-TZH-KW-----7,PT15M,2022-01-31 05:00:00+00:00
85,120.0,Unplanned outage,,2022-01-31 06:00:00+00:00,240.0,Hydro Pumped Storage,14W-TZR-KW-----I,PT15M,2022-01-31 05:00:00+00:00
88,0.0,Unplanned outage,,2022-01-31 16:00:00+00:00,420.0,Hydro Pumped Storage,14W-TZH-KW-----7,PT15M,2022-01-31 11:00:00+00:00
90,0.0,Unplanned outage,,2022-01-31 18:00:00+00:00,136.0,Hydro Pumped Storage,14W-TKO-KW-----S,PT15M,2022-01-30 03:00:00+00:00
93,200.0,Unplanned outage,,2022-02-02 13:00:00+00:00,420.0,Hydro Pumped Storage,14W-TZH-KW-----7,PT15M,2022-02-02 12:00:00+00:00
94,0.0,Unplanned outage,,2022-02-02 18:00:00+00:00,156.0,Hydro Pumped Storage,14W-DMO-KW-----D,PT15M,2022-02-02 16:00:00+00:00
95,200.0,Unplanned outage,,2022-02-03 00:00:00+00:00,420.0,Hydro Pumped Storage,14W-TZH-KW-----7,PT15M,2022-02-02 23:00:00+00:00
96,215.0,Unplanned outage,,2022-02-03 15:00:00+00:00,430.0,Hydro Pumped Storage,14W-DRP-KW-----M,PT15M,2022-01-31 15:00:00+00:00
97,0.0,Unplanned outage,,2022-02-04 04:00:00+00:00,156.0,Hydro Pumped Storage,14W-DMO-KW-----D,PT15M,2022-02-04 03:00:00+00:00
98,200.0,Unplanned outage,,2022-02-05 06:00:00+00:00,420.0,Hydro Pumped Storage,14W-TZH-KW-----7,PT15M,2022-02-05 05:00:00+00:00
99,547.5,Unplanned outage,,2022-02-05 18:00:00+00:00,727.5,Hydro Pumped Storage,14W-DMH-KW-----9,PT15M,2022-02-05 09:00:00+00:00
100,200.0,Unplanned outage,,2022-02-06 13:00:00+00:00,420.0,Hydro Pumped Storage,14W-TZH-KW-----7,PT15M,2022-02-06 11:00:00+00:00
102,200.0,Unplanned outage,,2022-02-07 10:00:00+00:00,420.0,Hydro Pumped Storage,14W-TZH-KW-----7,PT15M,2022-02-07 09:00:00+00:00
103,200.0,Unplanned outage,,2022-02-08 11:00:00+00:00,420.0,Hydro Pumped Storage,14W-TZH-KW-----7,PT15M,2022-02-08 10:00:00+00:00
106,0.0,Planned maintenance,,2022-02-08 16:00:00+00:00,420.0,Hydro Pumped Storage,14W-TZH-KW-----7,PT15M,2022-02-08 11:00:00+00:00
107,0.0,Planned maintenance,,2022-02-08 23:00:00+00:00,420.0,Hydro Pumped Storage,14W-TZH-KW-----7,PT15M,2022-02-08 22:00:00+00:00
108,0.0,Planned maintenance,,2022-02-09 16:00:00+00:00,420.0,Hydro Pumped Storage,14W-TZH-KW-----7,PT15M,2022-02-09 11:00:00+00:00
109,140.0,Unplanned outage,,2022-02-10 00:00:00+00:00,280.0,Hydro Water Reservoir,14W-TKH-KW-----O,PT15M,2022-02-09 23:00:00+00:00
110,0.0,Unplanned outage,,2022-02-12 22:00:00+00:00,400.0,Fossil Gas,14WENERGIE--WT02,PT15M,2022-02-12 16:00:00+00:00
112,0.0,Unplanned outage,,2022-02-13 18:00:00+00:00,136.0,Hydro Pumped Storage,14W-TKO-KW-----S,PT15M,2022-02-13 15:00:00+00:00
113,0.0,Unplanned outage,,2022-02-14 04:00:00+00:00,136.0,Hydro Pumped Storage,14W-TKO-KW-----S,PT15M,2022-02-14 03:00:00+00:00
115,0.0,Unplanned outage,,2022-02-15 05:00:00+00:00,255.0,Fossil Gas,14W-KW-THE-EVN-7,PT15M,2022-02-15 03:00:00+00:00
116,100.0,Unplanned outage,,2022-02-15 08:00:00+00:00,255.0,Fossil Gas,14W-KW-THE-EVN-7,PT15M,2022-02-15 07:00:00+00:00
117,100.0,Unplanned outage,,2022-02-15 07:00:00+00:00,255.0,Fossil Gas,14W-KW-THE-EVN-7,PT1M,2022-02-15 07:00:00+00:00
118,150.0,Planned maintenance,,2022-02-15 08:00:00+00:00,255.0,Fossil Gas,14W-KW-THE-EVN-7,PT15M,2022-02-15 08:00:00+00:00
120,0.0,Unplanned outage,,2022-02-15 15:00:00+00:00,420.0,Hydro Pumped Storage,14W-TZH-KW-----7,PT15M,2022-02-15 11:00:00+00:00
122,200.0,Unplanned outage,,2022-02-16 06:00:00+00:00,420.0,Hydro Pumped Storage,14W-TZH-KW-----7,PT15M,2022-02-16 05:00:00+00:00
125,0.0,Unplanned outage,,2022-02-16 16:00:00+00:00,420.0,Hydro Pumped Storage,14W-TZH-KW-----7,PT15M,2022-02-16 11:00:00+00:00
126,0.0,Planned maintenance,,2022-02-16 13:00:00+00:00,136.0,Hydro Pumped Storage,14W-TKO-KW-----S,PT15M,2022-02-16 11:00:00+00:00
127,120.0,Planned maintenance,,2022-02-16 16:00:00+00:00,240.0,Hydro Pumped Storage,14W-TZR-KW-----I,PT15M,2022-02-15 06:00:00+00:00
128,215.0,Planned maintenance,,2022-02-17 15:00:00+00:00,430.0,Hydro Pumped Storage,14W-DRP-KW-----M,PT15M,2022-02-17 06:00:00+00:00
129,547.5,Unplanned outage,,2022-02-17 21:00:00+00:00,727.5,Hydro Pumped Storage,14W-DMH-KW-----9,PT15M,2022-02-17 20:00:00+00:00
130,547.5,Unplanned outage,,2022-02-18 07:00:00+00:00,727.5,Hydro Pumped Storage,14W-DMH-KW-----9,PT15M,2022-02-18 05:00:00+00:00
131,547.5,Unplanned outage,,2022-02-18 14:00:00+00:00,727.5,Hydro Pumped Storage,14W-DMH-KW-----9,PT15M,2022-02-18 11:00:00+00:00
132,222.0,Unplanned outage,,2022-02-18 15:00:00+00:00,333.0,Hydro Run-of-river and poundage,14W-BAW-KW-----F,PT15M,2022-02-14 06:00:00+00:00
135,0.0,Unplanned outage,,2022-02-19 11:00:00+00:00,480.0,Hydro Pumped Storage,14W-TKP-KW-----I,PT15M,2022-02-19 07:00:00+00:00
136,110.0,Unplanned outage,,2022-02-19 11:00:00+00:00,280.0,Hydro Water Reservoir,14W-TKH-KW-----O,PT15M,2022-02-19 00:00:00+00:00
138,222.0,Unplanned outage,,2022-02-21 15:00:00+00:00,333.0,Hydro Run-of-river and poundage,14W-BAW-KW-----F,PT15M,2022-02-21 07:00:00+00:00
139,0.0,Unplanned outage,,2022-02-21 16:00:00+00:00,136.0,Hydro Pumped Storage,14W-TKO-KW-----S,PT15M,2022-02-21 05:00:00+00:00
140,120.0,Planned maintenance,,2022-02-22 15:00:00+00:00,240.0,Hydro Pumped Storage,14W-TZR-KW-----I,PT15M,2022-02-22 06:00:00+00:00
142,222.0,Planned maintenance,,2022-02-23 09:00:00+00:00,333.0,Hydro Run-of-river and poundage,14W-BAW-KW-----F,PT15M,2022-02-23 07:00:00+00:00
143,0.0,Planned maintenance,,2022-02-23 14:00:00+00:00,120.0,Hydro Water Reservoir,14W-TKS-KW-----P,PT15M,2022-02-23 11:00:00+00:00
147,215.0,Unplanned outage,,2022-02-24 09:00:00+00:00,430.0,Hydro Pumped Storage,14W-DRP-KW-----M,PT15M,2022-02-24 08:00:00+00:00
149,0.0,Unplanned outage,,2022-02-24 13:00:00+00:00,240.0,Hydro Pumped Storage,14W-TZR-KW-----I,PT15M,2022-02-24 13:00:00+00:00
150,0.0,Unplanned outage,,2022-02-24 16:00:00+00:00,250.0,Fossil Gas,14W-PROD-SIM---P,PT15M,2022-02-24 15:00:00+00:00
151,0.0,Unplanned outage,,2022-02-24 15:00:00+00:00,250.0,Fossil Gas,14W-PROD-SIM---P,PT1M,2022-02-24 15:00:00+00:00
152,0.0,Planned maintenance,,2022-02-27 09:00:00+00:00,370.0,Hydro Water Reservoir,14W-TZMA-KW----N,PT15M,2022-02-22 05:00:00+00:00
153,248.0,Unplanned outage,,2022-02-27 09:00:00+00:00,370.0,Hydro Water Reservoir,14W-TZMA-KW----N,PT15M,2022-02-27 09:00:00+00:00
154,0.0,Unplanned outage,,2022-02-27 13:00:00+00:00,136.0,Hydro Pumped Storage,14W-TKO-KW-----S,PT15M,2022-02-27 12:00:00+00:00
155,240.0,Unplanned outage,,2022-02-27 18:00:00+00:00,480.0,Hydro Pumped Storage,14W-TKP-KW-----I,PT15M,2022-02-27 17:00:00+00:00
159,0.0,Unplanned outage,,2022-02-04 15:00:00+00:00,156.0,Hydro Pumped Storage,14W-DMO-KW-----D,PT15M,2022-02-04 11:00:00+00:00
161,365.0,Unplanned outage,,2022-02-04 15:00:00+00:00,727.5,Hydro Pumped Storage,14W-DMH-KW-----9,PT15M,2022-02-04 11:00:00+00:00
164,547.5,Unplanned outage,,2022-02-17 16:00:00+00:00,727.5,Hydro Pumped Storage,14W-DMH-KW-----9,PT15M,2022-02-07 06:00:00+00:00
165,365.0,Unplanned outage,,2022-03-02 14:00:00+00:00,727.5,Hydro Pumped Storage,14W-DMH-KW-----9,PT15M,2022-02-21 06:00:00+00:00
166,0.0,Unplanned outage,,2022-03-02 16:00:00+00:00,136.0,Hydro Pumped Storage,14W-TKO-KW-----S,PT15M,2022-03-02 11:00:00+00:00
167,215.0,Unplanned outage,,2022-03-03 08:00:00+00:00,430.0,Hydro Pumped Storage,14W-DRP-KW-----M,PT15M,2022-03-03 07:00:00+00:00
168,240.0,Unplanned outage,,2022-03-03 09:00:00+00:00,480.0,Hydro Pumped Storage,14W-TKP-KW-----I,PT15M,2022-03-03 09:00:00+00:00
169,0.0,Unplanned outage,,2022-03-03 15:00:00+00:00,280.0,Hydro Water Reservoir,14W-TKH-KW-----O,PT15M,2022-03-02 07:00:00+00:00
170,215.0,Unplanned outage,,2022-03-03 20:00:00+00:00,430.0,Hydro Pumped Storage,14W-DRP-KW-----M,PT15M,2022-03-03 17:00:00+00:00
171,243.5,Unplanned outage,,2022-03-08 10:00:00+00:00,370.0,Hydro Water Reservoir,14W-TZMA-KW----N,PT15M,2022-03-08 10:00:00+00:00
172,243.5,Unplanned outage,,2022-03-08 13:00:00+00:00,370.0,Hydro Water Reservoir,14W-TZMA-KW----N,PT15M,2022-03-08 13:00:00+00:00
173,215.0,Unplanned outage,,2022-03-08 13:00:00+00:00,430.0,Hydro Pumped Storage,14W-DRP-KW-----M,PT15M,2022-03-07 18:00:00+00:00
174,243.5,Unplanned outage,,2022-03-08 13:00:00+00:00,370.0,Hydro Water Reservoir,14W-TZMA-KW----N,PT15M,2022-03-08 13:00:00+00:00
175,243.5,Planned maintenance,,2022-03-09 07:00:00+00:00,370.0,Hydro Water Reservoir,14W-TZMA-KW----N,PT15M,2022-03-09 07:00:00+00:00
176,215.0,Unplanned outage,,2022-03-09 08:00:00+00:00,430.0,Hydro Pumped Storage,14W-DRP-KW-----M,PT15M,2022-03-09 04:00:00+00:00
177,0.0,Planned maintenance,,2022-03-10 13:00:00+00:00,136.0,Hydro Pumped Storage,14W-TKO-KW-----S,PT15M,2022-03-10 12:00:00+00:00
179,141.9,Unplanned outage,,2022-03-16 16:00:00+00:00,242.3,Hydro Run-of-river and poundage,14W-BYP-KW-----6,PT15M,2022-03-14 07:00:00+00:00
180,0.0,Planned maintenance,,2022-03-15 14:00:00+00:00,240.0,Hydro Pumped Storage,14W-TZR-KW-----I,PT15M,2022-03-15 12:00:00+00:00
181,0.0,Planned maintenance,,2022-03-15 18:00:00+00:00,136.0,Hydro Pumped Storage,14W-TKO-KW-----S,PT15M,2022-03-15 09:00:00+00:00
182,0.0,Planned maintenance,,2022-03-16 13:00:00+00:00,420.0,Hydro Pumped Storage,14W-TZH-KW-----7,PT15M,2022-03-16 12:00:00+00:00
183,0.0,Unplanned outage,,2022-03-16 15:00:00+00:00,295.0,Fossil Gas,14W-PROD-SIM---P,PT1M,2022-03-16 15:00:00+00:00
184,0.0,Unplanned outage,,2022-03-16 15:00:00+00:00,295.0,Fossil Gas,14W-PROD-SIM---P,PT15M,2022-03-16 02:00:00+00:00
185,0.0,Unplanned outage,,2022-03-16 02:00:00+00:00,295.0,Fossil Gas,14W-PROD-SIM---P,PT1M,2022-03-16 02:00:00+00:00
186,106.0,Unplanned outage,,2022-03-16 02:00:00+00:00,250.0,Fossil Gas,14W-PROD-SIM---P,PT1M,2022-03-16 02:00:00+00:00
187,106.0,Unplanned outage,,2022-03-16 15:00:00+00:00,250.0,Fossil Gas,14W-PROD-SIM---P,PT15M,2022-03-16 02:00:00+00:00
188,106.0,Unplanned outage,,2022-03-16 15:00:00+00:00,250.0,Fossil Gas,14W-PROD-SIM---P,PT1M,2022-03-16 15:00:00+00:00
190,0.0,Planned maintenance,,2022-03-17 11:00:00+00:00,370.0,Hydro Water Reservoir,14W-TZMA-KW----N,PT15M,2022-03-17 08:00:00+00:00
191,0.0,Unplanned outage,,2022-03-16 21:00:00+00:00,295.0,Fossil Gas,14W-PROD-SIM---P,PT15M,2022-03-16 15:00:00+00:00
192,106.0,Unplanned outage,,2022-03-16 15:00:00+00:00,250.0,Fossil Gas,14W-PROD-SIM---P,PT1M,2022-03-16 15:00:00+00:00
193,106.0,Unplanned outage,,2022-03-16 21:00:00+00:00,250.0,Fossil Gas,14W-PROD-SIM---P,PT15M,2022-03-16 15:00:00+00:00
194,0.0,Unplanned outage,,2022-03-16 15:00:00+00:00,295.0,Fossil Gas,14W-PROD-SIM---P,PT1M,2022-03-16 15:00:00+00:00
195,200.0,Unplanned outage,,2022-03-20 19:00:00+00:00,420.0,Hydro Pumped Storage,14W-TZH-KW-----7,PT15M,2022-03-20 17:00:00+00:00
196,240.0,Unplanned outage,,2022-03-21 06:00:00+00:00,480.0,Hydro Pumped Storage,14W-TKP-KW-----I,PT15M,2022-03-21 05:00:00+00:00
197,0.0,Unplanned outage,,2022-03-21 06:00:00+00:00,136.0,Hydro Pumped Storage,14W-TKO-KW-----S,PT15M,2022-03-21 05:00:00+00:00
198,0.0,Planned maintenance,,2022-03-21 07:00:00+00:00,480.0,Hydro Pumped Storage,14W-TKP-KW-----I,PT15M,2022-03-21 06:00:00+00:00
201,200.0,Unplanned outage,,2022-03-21 14:00:00+00:00,420.0,Hydro Pumped Storage,14W-TZH-KW-----7,PT15M,2022-03-21 13:00:00+00:00
203,120.0,Planned maintenance,,2022-03-22 12:00:00+00:00,240.0,Hydro Pumped Storage,14W-TZR-KW-----I,PT15M,2022-03-22 08:00:00+00:00
205,141.9,Unplanned outage,,2022-03-23 15:00:00+00:00,242.3,Hydro Run-of-river and poundage,14W-BYP-KW-----6,PT15M,2022-03-21 07:00:00+00:00
207,240.0,Unplanned outage,,2022-03-22 14:00:00+00:00,480.0,Hydro Pumped Storage,14W-TKP-KW-----I,PT15M,2022-03-21 07:00:00+00:00
208,120.0,Unplanned outage,,2022-03-22 15:00:00+00:00,240.0,Hydro Pumped Storage,14W-TZR-KW-----I,PT15M,2022-03-22 12:00:00+00:00
209,240.0,Planned maintenance,,2022-03-24 14:00:00+00:00,480.0,Hydro Pumped Storage,14W-TKP-KW-----I,PT15M,2022-03-22 14:00:00+00:00
210,240.0,Unplanned outage,,2022-03-24 15:00:00+00:00,480.0,Hydro Pumped Storage,14W-TKP-KW-----I,PT15M,2022-03-24 14:00:00+00:00
211,240.0,Unplanned outage,,2022-03-24 19:00:00+00:00,480.0,Hydro Pumped Storage,14W-TKP-KW-----I,PT15M,2022-03-24 16:00:00+00:00
212,240.0,Unplanned outage,,2022-03-24 21:00:00+00:00,480.0,Hydro Pumped Storage,14W-TKP-KW-----I,PT15M,2022-03-24 20:00:00+00:00
213,240.0,Planned maintenance,,2022-03-25 13:00:00+00:00,480.0,Hydro Pumped Storage,14W-TKP-KW-----I,PT15M,2022-03-25 08:00:00+00:00
214,240.0,Unplanned outage,,2022-03-26 04:00:00+00:00,480.0,Hydro Pumped Storage,14W-TKP-KW-----I,PT15M,2022-03-26 02:00:00+00:00
216,240.0,Unplanned outage,,2022-03-27 23:00:00+00:00,480.0,Hydro Pumped Storage,14W-TKP-KW-----I,PT15M,2022-03-27 22:00:00+00:00
217,0.0,Unplanned outage,,2022-03-27 11:00:00+00:00,136.0,Hydro Pumped Storage,14W-TKO-KW-----S,PT15M,2022-03-27 10:00:00+00:00
220,200.0,Unplanned outage,,2022-03-29 14:00:00+00:00,420.0,Hydro Pumped Storage,14W-TZH-KW-----7,PT15M,2022-03-28 09:00:00+00:00
221,0.0,Unplanned outage,,2022-03-29 16:00:00+00:00,136.0,Hydro Pumped Storage,14W-TKO-KW-----S,PT15M,2022-03-29 16:00:00+00:00
222,200.0,Unplanned outage,,2022-03-30 14:00:00+00:00,420.0,Hydro Pumped Storage,14W-TZH-KW-----7,PT15M,2022-03-30 08:00:00+00:00
223,0.0,Planned maintenance,,2022-03-30 16:00:00+00:00,136.0,Hydro Pumped Storage,14W-TKO-KW-----S,PT15M,2022-03-30 10:00:00+00:00
225,547.5,Planned maintenance,,2022-03-31 05:00:00+00:00,727.5,Hydro Pumped Storage,14W-DMH-KW-----9,PT15M,2022-03-02 14:00:00+00:00
228,200.0,Planned maintenance,,2022-03-31 08:00:00+00:00,420.0,Hydro Pumped Storage,14W-TZH-KW-----7,PT15M,2022-03-30 14:00:00+00:00
229,0.0,Unplanned outage,,2022-03-31 10:00:00+00:00,420.0,Hydro Pumped Storage,14W-TZH-KW-----7,PT15M,2022-03-31 08:00:00+00:00
230,200.0,Planned maintenance,,2022-03-31 14:00:00+00:00,420.0,Hydro Pumped Storage,14W-TZH-KW-----7,PT15M,2022-03-31 10:00:00+00:00
231,0.0,Planned maintenance,,2022-03-31 16:00:00+00:00,136.0,Hydro Pumped Storage,14W-TKO-KW-----S,PT15M,2022-03-31 10:00:00+00:00
232,240.0,Unplanned outage,,2022-04-01 13:00:00+00:00,480.0,Hydro Pumped Storage,14W-TKP-KW-----I,PT15M,2022-04-01 12:00:00+00:00
233,240.0,Unplanned outage,,2022-04-01 22:00:00+00:00,480.0,Hydro Pumped Storage,14W-TKP-KW-----I,PT15M,2022-04-01 20:00:00+00:00
234,0.0,Planned maintenance,,2022-04-02 16:00:00+00:00,295.0,Fossil Gas,14W-PROD-SIM---P,PT15M,2022-03-30 23:00:00+00:00
235,106.0,Planned maintenance,,2022-04-02 16:00:00+00:00,250.0,Fossil Gas,14W-PROD-SIM---P,PT15M,2022-03-30 23:00:00+00:00
236,200.0,Unplanned outage,,2022-04-03 12:00:00+00:00,420.0,Hydro Pumped Storage,14W-TZH-KW-----7,PT15M,2022-04-03 11:00:00+00:00
239,240.0,Planned maintenance,,2022-04-04 06:00:00+00:00,480.0,Hydro Pumped Storage,14W-TKP-KW-----I,PT15M,2022-04-04 06:00:00+00:00
240,0.0,Unplanned outage,,2022-04-04 06:00:00+00:00,480.0,Hydro Pumped Storage,14W-TKP-KW-----I,PT15M,2022-04-04 06:00:00+00:00
241,0.0,Unplanned outage,,2022-04-04 06:00:00+00:00,250.0,Fossil Gas,14W-PROD-SIM---P,PT15M,2022-04-04 06:00:00+00:00
242,0.0,Unplanned outage,,2022-04-04 07:00:00+00:00,250.0,Fossil Gas,14W-PROD-SIM---P,PT1M,2022-04-04 06:00:00+00:00
243,0.0,Unplanned outage,,2022-04-04 06:00:00+00:00,250.0,Fossil Gas,14W-PROD-SIM---P,PT1M,2022-04-04 06:00:00+00:00
244,200.0,Unplanned outage,,2022-04-04 13:00:00+00:00,420.0,Hydro Pumped Storage,14W-TZH-KW-----7,PT15M,2022-04-04 11:00:00+00:00
245,215.0,Unplanned outage,,2022-04-05 08:00:00+00:00,430.0,Hydro Pumped Storage,14W-DRP-KW-----M,PT15M,2022-04-05 06:00:00+00:00
246,0.0,Planned maintenance,,2022-04-05 12:00:00+00:00,136.0,Hydro Pumped Storage,14W-TKO-KW-----S,PT15M,2022-04-05 12:00:00+00:00
247,200.0,Unplanned outage,,2022-04-05 21:00:00+00:00,420.0,Hydro Pumped Storage,14W-TZH-KW-----7,PT15M,2022-04-05 20:00:00+00:00
248,240.0,Planned maintenance,,2022-04-07 13:00:00+00:00,480.0,Hydro Pumped Storage,14W-TKP-KW-----I,PT15M,2022-04-04 06:00:00+00:00
249,0.0,Unplanned outage,,2022-04-07 13:00:00+00:00,480.0,Hydro Pumped Storage,14W-TKP-KW-----I,PT15M,2022-04-07 13:00:00+00:00
250,240.0,Unplanned outage,,2022-04-07 15:00:00+00:00,480.0,Hydro Pumped Storage,14W-TKP-KW-----I,PT15M,2022-04-07 14:00:00+00:00
251,200.0,Unplanned outage,,2022-04-07 22:00:00+00:00,420.0,Hydro Pumped Storage,14W-TZH-KW-----7,PT15M,2022-04-07 20:00:00+00:00
252,240.0,Unplanned outage,,2022-04-09 00:00:00+00:00,480.0,Hydro Pumped Storage,14W-TKP-KW-----I,PT15M,2022-04-08 23:00:00+00:00
253,0.0,Planned maintenance,,2022-04-09 10:00:00+00:00,280.0,Hydro Water Reservoir,14W-TKH-KW-----O,PT15M,2022-04-09 06:00:00+00:00
255,0.0,Unplanned outage,,2022-04-09 14:00:00+00:00,136.0,Hydro Pumped Storage,14W-TKO-KW-----S,PT15M,2022-04-09 12:00:00+00:00
256,240.0,Unplanned outage,,2022-04-09 22:00:00+00:00,480.0,Hydro Pumped Storage,14W-TKP-KW-----I,PT15M,2022-04-09 20:00:00+00:00
257,240.0,Unplanned outage,,2022-04-10 16:00:00+00:00,480.0,Hydro Pumped Storage,14W-TKP-KW-----I,PT15M,2022-04-10 14:00:00+00:00
258,0.0,Planned maintenance,,2022-04-11 18:00:00+00:00,215.0,Hydro Water Reservoir,14W-TZG-KW-----H,PT15M,2022-01-26 07:00:00+00:00
259,200.0,Unplanned outage,,2022-04-12 08:00:00+00:00,420.0,Hydro Pumped Storage,14W-TZH-KW-----7,PT15M,2022-04-12 07:00:00+00:00
261,365.0,Unplanned outage,,2022-04-13 15:00:00+00:00,727.5,Hydro Pumped Storage,14W-DMH-KW-----9,PT15M,2022-03-31 05:00:00+00:00
262,200.0,Unplanned outage,,2022-04-13 21:00:00+00:00,420.0,Hydro Pumped Storage,14W-TZH-KW-----7,PT15M,2022-04-13 19:00:00+00:00
265,0.0,Unplanned outage,,2022-04-14 16:00:00+00:00,136.0,Hydro Pumped Storage,14W-TKO-KW-----S,PT15M,2022-04-14 08:00:00+00:00
266,0.0,Unplanned outage,,2022-04-16 17:00:00+00:00,430.0,Hydro Pumped Storage,14W-DRP-KW-----M,PT15M,2022-04-16 16:00:00+00:00
267,215.0,Planned maintenance,,2022-04-16 18:00:00+00:00,430.0,Hydro Pumped Storage,14W-DRP-KW-----M,PT15M,2022-04-16 17:00:00+00:00
268,0.0,Unplanned outage,,2022-04-18 18:00:00+00:00,136.0,Hydro Pumped Storage,14W-TKO-KW-----S,PT15M,2022-04-18 15:00:00+00:00
269,0.0,Unplanned outage,,2022-04-18 18:00:00+00:00,250.0,Fossil Gas,14W-PROD-SIM---P,PT1M,2022-04-18 17:00:00+00:00
270,0.0,Unplanned outage,,2022-04-18 20:00:00+00:00,250.0,Fossil Gas,14W-PROD-SIM---P,PT15M,2022-04-18 18:00:00+00:00
271,0.0,Unplanned outage,,2022-04-18 20:00:00+00:00,250.0,Fossil Gas,14W-PROD-SIM---P,PT1M,2022-04-18 20:00:00+00:00
272,0.0,Planned maintenance,,2022-04-19 16:00:00+00:00,136.0,Hydro Pumped Storage,14W-TKO-KW-----S,PT15M,2022-04-19 10:00:00+00:00
276,547.5,Planned maintenance,,2022-04-20 13:00:00+00:00,727.5,Hydro Pumped Storage,14W-DMH-KW-----9,PT15M,2022-04-13 15:00:00+00:00
277,365.0,Unplanned outage,,2022-04-20 14:00:00+00:00,727.5,Hydro Pumped Storage,14W-DMH-KW-----9,PT15M,2022-04-20 13:00:00+00:00
278,0.0,Planned maintenance,,2022-04-21 17:00:00+00:00,136.0,Hydro Pumped Storage,14W-TKO-KW-----S,PT15M,2022-04-20 10:00:00+00:00
281,0.0,Unplanned outage,,2022-01-18 15:00:00+00:00,120.0,Hydro Pumped Storage,14W-DMO-KW-----D,PT15M,2022-01-18 07:00:00+00:00
282,0.0,Unplanned outage,,2022-01-19 16:00:00+00:00,120.0,Hydro Pumped Storage,14W-DMO-KW-----D,PT15M,2022-01-19 07:00:00+00:00
283,0.0,Unplanned outage,,2022-04-22 04:00:00+00:00,156.0,Hydro Pumped Storage,14W-DMO-KW-----D,PT15M,2022-04-22 04:00:00+00:00
285,0.0,Unplanned outage,,2022-04-22 15:00:00+00:00,136.0,Hydro Pumped Storage,14W-TKO-KW-----S,PT15M,2022-04-22 06:00:00+00:00
286,0.0,Planned maintenance,,2022-04-25 16:00:00+00:00,136.0,Hydro Pumped Storage,14W-TKO-KW-----S,PT15M,2022-04-25 07:00:00+00:00
291,547.5,Planned maintenance,,2022-04-22 21:00:00+00:00,727.5,Hydro Pumped Storage,14W-DMH-KW-----9,PT15M,2022-04-20 14:00:00+00:00
292,365.0,Unplanned outage,,2022-04-25 05:00:00+00:00,727.5,Hydro Pumped Storage,14W-DMH-KW-----9,PT15M,2022-04-22 21:00:00+00:00
293,240.0,Unplanned outage,,2022-04-23 07:00:00+00:00,480.0,Hydro Pumped Storage,14W-TKP-KW-----I,PT15M,2022-04-23 05:00:00+00:00
295,182.5,Planned maintenance,,2022-04-25 06:00:00+00:00,727.5,Hydro Pumped Storage,14W-DMH-KW-----9,PT15M,2022-04-25 05:00:00+00:00
296,365.0,Unplanned outage,,2022-04-28 15:00:00+00:00,727.5,Hydro Pumped Storage,14W-DMH-KW-----9,PT15M,2022-04-25 06:00:00+00:00
298,200.0,Unplanned outage,,2022-04-27 06:00:00+00:00,420.0,Hydro Pumped Storage,14W-TZH-KW-----7,PT15M,2022-04-24 23:00:00+00:00
299,186.0,Planned maintenance,,2022-04-25 12:00:00+00:00,370.0,Hydro Water Reservoir,14W-TZMA-KW----N,PT15M,2022-04-25 12:00:00+00:00
301,0.0,Planned maintenance,,2022-04-27 13:00:00+00:00,280.0,Hydro Water Reservoir,14W-TKH-KW-----O,PT15M,2022-04-27 11:00:00+00:00
302,0.0,Planned maintenance,,2022-05-01 20:00:00+00:00,295.0,Fossil Gas,14W-PROD-SIM---P,PT15M,2022-04-29 23:00:00+00:00
303,106.0,Planned maintenance,,2022-05-01 20:00:00+00:00,250.0,Fossil Gas,14W-PROD-SIM---P,PT15M,2022-04-29 23:00:00+00:00
304,0.0,Planned maintenance,,2022-04-26 16:00:00+00:00,136.0,Hydro Pumped Storage,14W-TKO-KW-----S,PT15M,2022-04-26 07:00:00+00:00
305,0.0,Unplanned outage,,2022-04-27 08:00:00+00:00,421.0,Fossil Gas,14W-WGM-KW-----J,PT15M,2022-04-25 09:00:00+00:00
306,0.0,Unplanned outage,,2022-04-27 08:00:00+00:00,156.0,Hydro Pumped Storage,14W-DMO-KW-----D,PT15M,2022-04-27 04:00:00+00:00
307,0.0,Planned maintenance,,2022-04-27 15:00:00+00:00,420.0,Hydro Pumped Storage,14W-TZH-KW-----7,PT15M,2022-04-27 06:00:00+00:00
308,243.5,Unplanned outage,,2022-04-28 12:00:00+00:00,370.0,Hydro Water Reservoir,14W-TZMA-KW----N,PT15M,2022-04-28 12:00:00+00:00
309,243.5,Unplanned outage,,2022-04-28 12:00:00+00:00,370.0,Hydro Water Reservoir,14W-TZMA-KW----N,PT15M,2022-04-28 12:00:00+00:00
310,243.5,Unplanned outage,,2022-04-28 13:00:00+00:00,370.0,Hydro Water Reservoir,14W-TZMA-KW----N,PT15M,2022-04-28 12:00:00+00:00
312,248.0,Unplanned outage,,2022-04-28 14:00:00+00:00,370.0,Hydro Water Reservoir,14W-TZMA-KW----N,PT15M,2022-04-28 14:00:00+00:00
313,0.0,Unplanned outage,,2022-04-29 15:00:00+00:00,156.0,Hydro Pumped Storage,14W-DMO-KW-----D,PT15M,2022-04-29 12:00:00+00:00
314,200.0,Unplanned outage,,2022-04-29 17:00:00+00:00,420.0,Hydro Pumped Storage,14W-TZH-KW-----7,PT15M,2022-04-29 08:00:00+00:00
315,0.0,Unplanned outage,,2022-05-01 06:00:00+00:00,420.0,Hydro Pumped Storage,14W-TZH-KW-----7,PT15M,2022-05-01 06:00:00+00:00
316,200.0,Unplanned outage,,2022-05-01 16:00:00+00:00,420.0,Hydro Pumped Storage,14W-TZH-KW-----7,PT15M,2022-05-01 15:00:00+00:00
319,0.0,Unplanned outage,,2022-05-03 11:00:00+00:00,420.0,Hydro Pumped Storage,14W-TZH-KW-----7,PT15M,2022-05-03 07:00:00+00:00
321,547.5,Unplanned outage,,2022-01-04 15:00:00+00:00,727.5,Hydro Pumped Storage,14W-DMH-KW-----9,PT15M,2022-01-04 12:00:00+00:00
322,0.0,Planned maintenance,,2022-05-04 14:00:00+00:00,156.0,Hydro Pumped Storage,14W-DMO-KW-----D,PT15M,2022-05-04 12:00:00+00:00
324,547.5,Planned maintenance,,2022-05-05 03:00:00+00:00,727.5,Hydro Pumped Storage,14W-DMH-KW-----9,PT15M,2022-04-28 15:00:00+00:00
325,182.5,Unplanned outage,,2022-05-05 04:00:00+00:00,727.5,Hydro Pumped Storage,14W-DMH-KW-----9,PT15M,2022-05-05 03:00:00+00:00
327,0.0,Unplanned outage,,2022-05-05 16:00:00+00:00,136.0,Hydro Pumped Storage,14W-TKO-KW-----S,PT15M,2022-05-05 06:00:00+00:00
328,200.0,Unplanned outage,,2022-05-08 18:00:00+00:00,420.0,Hydro Pumped Storage,14W-TZH-KW-----7,PT15M,2022-05-08 16:00:00+00:00
333,0.0,Unplanned outage,,2022-05-09 11:00:00+00:00,420.0,Hydro Pumped Storage,14W-TZH-KW-----7,PT15M,2022-05-09 07:00:00+00:00
334,0.0,Unplanned outage,,2022-05-09 12:00:00+00:00,136.0,Hydro Pumped Storage,14W-TKO-KW-----S,PT15M,2022-05-09 07:00:00+00:00
335,165.0,Unplanned outage,,2022-02-21 09:00:00+00:00,297.0,Hydro Run-of-river and poundage,14W-BGS-KW-----Q,PT15M,2022-02-21 07:00:00+00:00
336,165.0,Unplanned outage,,2022-02-16 15:00:00+00:00,297.0,Hydro Run-of-river and poundage,14W-BGS-KW-----Q,PT15M,2022-02-16 07:00:00+00:00
337,0.0,Unplanned outage,,2022-05-09 16:00:00+00:00,136.0,Hydro Pumped Storage,14W-TKO-KW-----S,PT15M,2022-05-09 16:00:00+00:00
338,0.0,Planned maintenance,,2022-05-10 09:00:00+00:00,240.0,Hydro Pumped Storage,14W-TZR-KW-----I,PT15M,2022-05-10 08:00:00+00:00
340,0.0,Unplanned outage,,2022-05-10 18:00:00+00:00,136.0,Hydro Pumped Storage,14W-TKO-KW-----S,PT15M,2022-05-10 07:00:00+00:00
341,0.0,Planned maintenance,,2022-05-11 14:00:00+00:00,136.0,Hydro Pumped Storage,14W-TKO-KW-----S,PT15M,2022-05-11 07:00:00+00:00
342,365.0,Planned maintenance,,2022-05-12 07:00:00+00:00,727.5,Hydro Pumped Storage,14W-DMH-KW-----9,PT15M,2022-05-05 04:00:00+00:00
344,0.0,Planned maintenance,,2022-05-12 17:00:00+00:00,136.0,Hydro Pumped Storage,14W-TKO-KW-----S,PT15M,2022-05-12 07:00:00+00:00
345,0.0,Unplanned outage,,2022-05-12 23:00:00+00:00,480.0,Hydro Pumped Storage,14W-TKP-KW-----I,PT15M,2022-05-12 21:00:00+00:00
346,0.0,Unplanned outage,,2022-05-13 09:00:00+00:00,480.0,Hydro Pumped Storage,14W-TKP-KW-----I,PT15M,2022-05-13 04:00:00+00:00
347,0.0,Unplanned outage,,2022-05-13 14:00:00+00:00,295.0,Fossil Gas,14W-PROD-SIM---P,PT15M,2022-05-12 09:00:00+00:00
348,106.0,Unplanned outage,,2022-05-13 14:00:00+00:00,250.0,Fossil Gas,14W-PROD-SIM---P,PT1M,2022-05-13 14:00:00+00:00
349,106.0,Unplanned outage,,2022-05-13 14:00:00+00:00,250.0,Fossil Gas,14W-PROD-SIM---P,PT15M,2022-05-12 09:00:00+00:00
350,0.0,Unplanned outage,,2022-05-12 09:00:00+00:00,295.0,Fossil Gas,14W-PROD-SIM---P,PT1M,2022-05-12 09:00:00+00:00
351,106.0,Unplanned outage,,2022-05-12 09:00:00+00:00,250.0,Fossil Gas,14W-PROD-SIM---P,PT1M,2022-05-12 09:00:00+00:00
352,0.0,Unplanned outage,,2022-05-13 14:00:00+00:00,295.0,Fossil Gas,14W-PROD-SIM---P,PT1M,2022-05-13 14:00:00+00:00
353,0.0,Planned maintenance,,2022-05-13 14:00:00+00:00,136.0,Hydro Pumped Storage,14W-TKO-KW-----S,PT15M,2022-05-13 07:00:00+00:00
354,240.0,Unplanned outage,,2022-05-13 14:00:00+00:00,480.0,Hydro Pumped Storage,14W-TKP-KW-----I,PT15M,2022-05-13 14:00:00+00:00
355,0.0,Planned maintenance,,2022-05-16 16:00:00+00:00,136.0,Hydro Pumped Storage,14W-TKO-KW-----S,PT15M,2022-05-16 09:00:00+00:00
356,222.0,Unplanned outage,,2022-05-15 01:00:00+00:00,333.0,Hydro Run-of-river and poundage,14W-BAW-KW-----F,PT15M,2022-05-15 00:00:00+00:00
357,0.0,Unplanned outage,,2022-05-16 08:00:00+00:00,156.0,Hydro Pumped Storage,14W-DMO-KW-----D,PT15M,2022-05-15 22:00:00+00:00
358,0.0,Planned maintenance,,2022-05-17 16:00:00+00:00,136.0,Hydro Pumped Storage,14W-TKO-KW-----S,PT15M,2022-05-17 07:00:00+00:00
359,240.0,Unplanned outage,,2022-05-18 02:00:00+00:00,480.0,Hydro Pumped Storage,14W-TKP-KW-----I,PT15M,2022-05-18 01:00:00+00:00
363,0.0,Planned maintenance,,2022-05-25 04:00:00+00:00,340.0,Fossil Gas,14W-PROD-SIM---P,PT15M,2022-04-28 22:00:00+00:00
364,0.0,Unplanned outage,,2022-05-18 10:00:00+00:00,420.0,Hydro Pumped Storage,14W-TZH-KW-----7,PT15M,2022-05-18 08:00:00+00:00
366,0.0,Unplanned outage,,2022-05-18 12:00:00+00:00,215.0,Hydro Water Reservoir,14W-TZG-KW-----H,PT15M,2022-05-18 10:00:00+00:00
367,0.0,Unplanned outage,,2022-05-18 16:00:00+00:00,136.0,Hydro Pumped Storage,14W-TKO-KW-----S,PT15M,2022-05-18 07:00:00+00:00
368,0.0,Planned maintenance,,2022-05-19 17:00:00+00:00,136.0,Hydro Pumped Storage,14W-TKO-KW-----S,PT15M,2022-05-19 07:00:00+00:00
369,0.0,Planned maintenance,,2022-05-23 03:00:00+00:00,395.0,Fossil Gas,14W-PROD-DO----O,PT15M,2022-05-17 22:00:00+00:00
370,0.0,Unplanned outage,,2022-05-21 06:00:00+00:00,156.0,Hydro Pumped Storage,14W-DMO-KW-----D,PT15M,2022-05-21 02:00:00+00:00
371,106.0,Unplanned outage,,2022-05-21 08:00:00+00:00,250.0,Fossil Gas,14W-PROD-SIM---P,PT15M,2022-05-20 16:00:00+00:00
372,0.0,Unplanned outage,,2022-05-21 08:00:00+00:00,295.0,Fossil Gas,14W-PROD-SIM---P,PT15M,2022-05-20 16:00:00+00:00
373,215.0,Unplanned outage,,2022-05-21 10:00:00+00:00,430.0,Hydro Pumped Storage,14W-DRP-KW-----M,PT15M,2022-05-21 08:00:00+00:00
375,240.0,Unplanned outage,,2022-05-24 14:00:00+00:00,480.0,Hydro Pumped Storage,14W-TKP-KW-----I,PT15M,2022-05-24 14:00:00+00:00
376,200.0,Planned maintenance,,2022-05-24 14:00:00+00:00,420.0,Hydro Pumped Storage,14W-TZH-KW-----7,PT15M,2022-05-23 10:00:00+00:00
377,0.0,Unplanned outage,,2022-05-24 15:00:00+00:00,295.0,Fossil Gas,14W-PROD-SIM---P,PT1M,2022-05-24 15:00:00+00:00
378,0.0,Unplanned outage,,2022-05-24 16:00:00+00:00,295.0,Fossil Gas,14W-PROD-SIM---P,PT15M,2022-05-24 15:00:00+00:00
379,0.0,Unplanned outage,,2022-05-24 16:00:00+00:00,295.0,Fossil Gas,14W-PROD-SIM---P,PT1M,2022-05-24 16:00:00+00:00
380,106.0,Unplanned outage,,2022-05-24 15:00:00+00:00,250.0,Fossil Gas,14W-PROD-SIM---P,PT1M,2022-05-24 15:00:00+00:00
381,106.0,Unplanned outage,,2022-05-24 16:00:00+00:00,250.0,Fossil Gas,14W-PROD-SIM---P,PT15M,2022-05-24 15:00:00+00:00
382,106.0,Unplanned outage,,2022-05-24 16:00:00+00:00,250.0,Fossil Gas,14W-PROD-SIM---P,PT1M,2022-05-24 16:00:00+00:00
383,0.0,Unplanned outage,,2022-05-25 00:00:00+00:00,480.0,Hydro Pumped Storage,14W-TKP-KW-----I,PT15M,2022-05-24 20:00:00+00:00
385,215.0,Unplanned outage,,2022-05-25 13:00:00+00:00,430.0,Hydro Pumped Storage,14W-DRP-KW-----M,PT15M,2022-05-25 12:00:00+00:00
386,240.0,Planned maintenance,,2022-05-25 07:00:00+00:00,480.0,Hydro Pumped Storage,14W-TKP-KW-----I,PT15M,2022-05-25 00:00:00+00:00
388,0.0,Unplanned outage,,2022-05-25 05:00:00+00:00,340.0,Fossil Gas,14W-PROD-SIM---P,PT1M,2022-05-25 05:00:00+00:00
389,0.0,Unplanned outage,,2022-05-25 20:00:00+00:00,340.0,Fossil Gas,14W-PROD-SIM---P,PT15M,2022-05-25 05:00:00+00:00
390,0.0,Unplanned outage,,2022-05-25 22:00:00+00:00,430.0,Hydro Pumped Storage,14W-DRP-KW-----M,PT15M,2022-05-25 22:00:00+00:00
391,0.0,Unplanned outage,,2022-05-25 23:00:00+00:00,480.0,Hydro Pumped Storage,14W-TKP-KW-----I,PT15M,2022-05-25 07:00:00+00:00
393,240.0,Planned maintenance,,2022-05-30 16:00:00+00:00,480.0,Hydro Pumped Storage,14W-TKP-KW-----I,PT15M,2022-05-25 23:00:00+00:00
395,547.5,Planned maintenance,,2022-05-31 14:00:00+00:00,727.5,Hydro Pumped Storage,14W-DMH-KW-----9,PT15M,2022-05-25 06:00:00+00:00
396,0.0,Planned maintenance,,2022-06-11 15:00:00+00:00,400.0,Fossil Gas,14WENERGIE--WT02,PT15M,2022-06-11 07:00:00+00:00
397,365.0,Planned maintenance,,2022-06-01 09:00:00+00:00,727.5,Hydro Pumped Storage,14W-DMH-KW-----9,PT15M,2022-06-01 05:00:00+00:00
401,0.0,Planned maintenance,,2022-06-08 12:00:00+00:00,480.0,Hydro Pumped Storage,14W-TKP-KW-----I,PT15M,2022-06-08 12:00:00+00:00
402,200.0,Planned maintenance,,2022-06-08 14:00:00+00:00,420.0,Hydro Pumped Storage,14W-TZH-KW-----7,PT15M,2022-06-07 10:00:00+00:00
404,0.0,Planned maintenance,,2022-06-08 17:00:00+00:00,136.0,Hydro Pumped Storage,14W-TKO-KW-----S,PT15M,2022-06-08 07:00:00+00:00
405,0.0,Planned maintenance,,2022-06-09 15:00:00+00:00,480.0,Hydro Pumped Storage,14W-TKP-KW-----I,PT15M,2022-06-09 06:00:00+00:00
407,0.0,Planned maintenance,,2022-06-09 14:00:00+00:00,136.0,Hydro Pumped Storage,14W-TKO-KW-----S,PT15M,2022-06-09 06:00:00+00:00
408,140.0,Planned maintenance,,2022-06-13 13:00:00+00:00,280.0,Hydro Water Reservoir,14W-TKH-KW-----O,PT15M,2022-06-13 11:00:00+00:00
410,200.0,Planned maintenance,,2022-06-15 14:00:00+00:00,420.0,Hydro Pumped Storage,14W-TZH-KW-----7,PT15M,2022-06-15 10:00:00+00:00
412,547.5,Planned maintenance,,2022-06-16 06:00:00+00:00,727.5,Hydro Pumped Storage,14W-DMH-KW-----9,PT15M,2022-06-12 22:00:00+00:00
414,547.5,Planned maintenance,,2022-06-19 17:00:00+00:00,727.5,Hydro Pumped Storage,14W-DMH-KW-----9,PT15M,2022-06-16 07:00:00+00:00
415,0.0,Planned maintenance,,2022-06-20 10:00:00+00:00,136.0,Hydro Pumped Storage,14W-TKO-KW-----S,PT15M,2022-06-20 07:00:00+00:00
420,547.5,Planned maintenance,,2022-06-22 03:00:00+00:00,727.5,Hydro Pumped Storage,14W-DMH-KW-----9,PT15M,2022-06-20 08:00:00+00:00
421,547.5,Unplanned outage,,2022-05-25 06:00:00+00:00,727.5,Hydro Pumped Storage,14W-DMH-KW-----9,PT15M,2022-05-12 07:00:00+00:00
422,0.0,Planned maintenance,,2022-07-20 15:00:00+00:00,395.0,Fossil Gas,14W-PROD-DO----O,PT15M,2022-05-23 12:00:00+00:00
425,0.0,Unplanned outage,,2022-04-28 12:00:00+00:00,417.0,Fossil Gas,14W-WGM-KW-----J,PT15M,2022-03-30 22:00:00+00:00
426,0.0,Unplanned outage,,2022-03-29 22:00:00+00:00,417.0,Fossil Gas,14W-WGM-KW-----J,PT15M,2022-03-29 04:00:00+00:00
427,0.0,Unplanned outage,,2022-12-31 23:00:00+00:00,165.0,Fossil Gas,14W-WML-KW-----0,PT15M,2021-12-31 23:00:00+00:00
436,215.0,Unplanned outage,,2022-05-26 11:00:00+00:00,430.0,Hydro Pumped Storage,14W-DRP-KW-----M,PT15M,2022-05-26 11:00:00+00:00
437,0.0,Unplanned outage,,2022-05-28 00:00:00+00:00,420.0,Hydro Pumped Storage,14W-TZH-KW-----7,PT15M,2022-05-27 20:00:00+00:00
438,0.0,Unplanned outage,,2022-05-30 16:00:00+00:00,255.0,Fossil Gas,14W-KW-THE-EVN-7,PT15M,2022-05-28 15:00:00+00:00
439,0.0,Unplanned outage,,2022-05-28 15:00:00+00:00,255.0,Fossil Gas,14W-KW-THE-EVN-7,PT1M,2022-05-28 15:00:00+00:00
440,0.0,Unplanned outage,,2022-05-30 12:00:00+00:00,215.0,Hydro Water Reservoir,14W-TZG-KW-----H,PT15M,2022-05-30 12:00:00+00:00
453,0.0,Unplanned outage,,2022-05-31 05:00:00+00:00,136.0,Hydro Pumped Storage,14W-TKO-KW-----S,PT15M,2022-05-31 04:00:00+00:00
454,547.5,Unplanned outage,,2022-06-01 05:00:00+00:00,727.5,Hydro Pumped Storage,14W-DMH-KW-----9,PT15M,2022-05-31 14:00:00+00:00
455,0.0,Unplanned outage,,2022-06-01 10:00:00+00:00,240.0,Fossil Gas,14W-KW-THE-EVN-7,PT15M,2022-06-01 10:00:00+00:00
456,0.0,Unplanned outage,,2022-06-01 10:00:00+00:00,240.0,Fossil Gas,14W-KW-THE-EVN-7,PT1M,2022-06-01 10:00:00+00:00
457,0.0,Unplanned outage,,2022-06-02 08:00:00+00:00,250.0,Fossil Gas,14W-PROD-SIM---P,PT15M,2022-06-02 07:00:00+00:00
458,0.0,Unplanned outage,,2022-06-02 07:00:00+00:00,250.0,Fossil Gas,14W-PROD-SIM---P,PT1M,2022-06-02 07:00:00+00:00
459,0.0,Unplanned outage,,2022-06-02 08:00:00+00:00,250.0,Fossil Gas,14W-PROD-SIM---P,PT1M,2022-06-02 08:00:00+00:00
460,0.0,Unplanned outage,,2022-06-06 00:00:00+00:00,480.0,Hydro Pumped Storage,14W-TKP-KW-----I,PT15M,2022-06-05 21:00:00+00:00
461,240.0,Unplanned outage,,2022-06-06 20:00:00+00:00,480.0,Hydro Pumped Storage,14W-TKP-KW-----I,PT15M,2022-06-06 19:00:00+00:00
462,0.0,Unplanned outage,,2022-06-06 20:00:00+00:00,136.0,Hydro Pumped Storage,14W-TKO-KW-----S,PT15M,2022-06-06 19:00:00+00:00
463,0.0,Unplanned outage,,2022-06-10 18:00:00+00:00,120.0,Hydro Water Reservoir,14W-TKS-KW-----P,PT15M,2022-06-07 12:00:00+00:00
464,547.5,Unplanned outage,,2022-06-12 22:00:00+00:00,727.5,Hydro Pumped Storage,14W-DMH-KW-----9,PT15M,2022-06-01 09:00:00+00:00
465,0.0,Unplanned outage,,2022-06-14 06:00:00+00:00,136.0,Hydro Pumped Storage,14W-TKO-KW-----S,PT15M,2022-06-14 04:00:00+00:00
467,0.0,Unplanned outage,,2022-06-15 15:00:00+00:00,136.0,Hydro Pumped Storage,14W-TKO-KW-----S,PT15M,2022-06-15 08:00:00+00:00
468,365.0,Unplanned outage,,2022-06-16 07:00:00+00:00,727.5,Hydro Pumped Storage,14W-DMH-KW-----9,PT15M,2022-06-16 06:00:00+00:00
469,0.0,Unplanned outage,,2022-06-19 14:00:00+00:00,136.0,Hydro Pumped Storage,14W-TKO-KW-----S,PT15M,2022-06-19 13:00:00+00:00
470,0.0,Planned maintenance,,2022-06-22 13:00:00+00:00,370.0,Hydro Water Reservoir,14W-TZMA-KW----N,PT15M,2022-06-22 11:00:00+00:00
472,365.0,Unplanned outage,,2022-06-20 08:00:00+00:00,727.5,Hydro Pumped Storage,14W-DMH-KW-----9,PT15M,2022-06-19 17:00:00+00:00
473,200.0,Unplanned outage,,2022-06-21 09:00:00+00:00,420.0,Hydro Pumped Storage,14W-TZH-KW-----7,PT15M,2022-06-21 08:00:00+00:00
474,0.0,Unplanned outage,,2022-06-21 15:00:00+00:00,240.0,Hydro Pumped Storage,14W-TZR-KW-----I,PT15M,2022-06-21 10:00:00+00:00
475,0.0,Unplanned outage,,2022-06-21 14:00:00+00:00,280.0,Hydro Water Reservoir,14W-TKH-KW-----O,PT15M,2022-06-21 06:00:00+00:00
476,60.0,Planned maintenance,,2022-06-21 16:00:00+00:00,240.0,Hydro Pumped Storage,14W-TZR-KW-----I,PT15M,2022-06-21 15:00:00+00:00
477,365.0,Unplanned outage,,2022-06-22 04:00:00+00:00,727.5,Hydro Pumped Storage,14W-DMH-KW-----9,PT15M,2022-06-22 03:00:00+00:00
478,0.0,Planned maintenance,,2022-06-22 13:00:00+00:00,136.0,Hydro Pumped Storage,14W-TKO-KW-----S,PT15M,2022-06-22 06:00:00+00:00
479,120.0,Unplanned outage,,2022-06-23 14:00:00+00:00,240.0,Hydro Pumped Storage,14W-TZR-KW-----I,PT15M,2022-06-21 16:00:00+00:00
481,547.5,Planned maintenance,,2022-06-24 14:00:00+00:00,727.5,Hydro Pumped Storage,14W-DMH-KW-----9,PT15M,2022-06-22 04:00:00+00:00
483,0.0,Unplanned outage,,2022-06-26 01:00:00+00:00,480.0,Hydro Pumped Storage,14W-TKP-KW-----I,PT15M,2022-06-26 00:00:00+00:00
485,120.0,Planned maintenance,,2022-06-28 14:00:00+00:00,240.0,Hydro Pumped Storage,14W-TZR-KW-----I,PT15M,2022-06-28 10:00:00+00:00
486,0.0,Planned maintenance,,2022-06-27 15:00:00+00:00,420.0,Hydro Pumped Storage,14W-TZH-KW-----7,PT15M,2022-06-27 07:00:00+00:00
487,240.0,Unplanned outage,,2022-06-27 23:00:00+00:00,480.0,Hydro Pumped Storage,14W-TKP-KW-----I,PT15M,2022-06-27 22:00:00+00:00
489,0.0,Planned maintenance,,2022-06-29 13:00:00+00:00,480.0,Hydro Pumped Storage,14W-TKP-KW-----I,PT15M,2022-06-29 06:00:00+00:00
490,200.0,Unplanned outage,,2022-06-30 16:00:00+00:00,420.0,Hydro Pumped Storage,14W-TZH-KW-----7,PT15M,2022-06-30 14:00:00+00:00
491,0.0,Unplanned outage,,2022-06-30 16:00:00+00:00,250.0,Fossil Gas,14W-PROD-SIM---P,PT1M,2022-06-30 16:00:00+00:00
492,0.0,Unplanned outage,,2022-06-30 17:00:00+00:00,250.0,Fossil Gas,14W-PROD-SIM---P,PT1M,2022-06-30 17:00:00+00:00
493,0.0,Unplanned outage,,2022-06-30 17:00:00+00:00,250.0,Fossil Gas,14W-PROD-SIM---P,PT15M,2022-06-30 16:00:00+00:00
494,0.0,Unplanned outage,,2022-06-30 12:00:00+00:00,340.0,Fossil Gas,14W-PROD-SIM---P,PT1M,2022-06-30 12:00:00+00:00
495,0.0,Unplanned outage,,2022-06-30 20:00:00+00:00,340.0,Fossil Gas,14W-PROD-SIM---P,PT15M,2022-06-30 12:00:00+00:00
496,0.0,Unplanned outage,,2022-06-30 20:00:00+00:00,340.0,Fossil Gas,14W-PROD-SIM---P,PT1M,2022-06-30 20:00:00+00:00
498,365.0,Unplanned outage,,2022-07-04 05:00:00+00:00,727.5,Hydro Pumped Storage,14W-DMH-KW-----9,PT15M,2022-06-24 14:00:00+00:00
499,215.0,Unplanned outage,,2022-07-01 05:00:00+00:00,430.0,Hydro Pumped Storage,14W-DRP-KW-----M,PT15M,2022-07-01 00:00:00+00:00
502,240.0,Unplanned outage,,2022-07-03 10:00:00+00:00,480.0,Hydro Pumped Storage,14W-TKP-KW-----I,PT15M,2022-07-03 09:00:00+00:00
503,0.0,Unplanned outage,,2022-07-05 10:00:00+00:00,133.0,Hydro Pumped Storage,14W-TKO-KW-----S,PT15M,2022-07-05 09:00:00+00:00
505,0.0,Unplanned outage,,2022-07-06 04:00:00+00:00,133.0,Hydro Pumped Storage,14W-TKO-KW-----S,PT15M,2022-07-06 02:00:00+00:00
506,0.0,Unplanned outage,,2022-07-06 04:00:00+00:00,133.0,Hydro Pumped Storage,14W-TKO-KW-----S,PT15M,2022-07-06 04:00:00+00:00
507,0.0,Unplanned outage,,2022-07-07 05:00:00+00:00,480.0,Hydro Pumped Storage,14W-TKP-KW-----I,PT15M,2022-07-07 04:00:00+00:00
508,240.0,Planned maintenance,,2022-07-07 10:00:00+00:00,480.0,Hydro Pumped Storage,14W-TKP-KW-----I,PT15M,2022-07-07 08:00:00+00:00
510,0.0,Unplanned outage,,2022-07-07 14:00:00+00:00,215.0,Hydro Water Reservoir,14W-TZG-KW-----H,PT15M,2022-07-07 11:00:00+00:00
511,240.0,Unplanned outage,,2022-07-07 16:00:00+00:00,480.0,Hydro Pumped Storage,14W-TKP-KW-----I,PT15M,2022-07-07 16:00:00+00:00
512,0.0,Unplanned outage,,2022-07-07 16:00:00+00:00,133.0,Hydro Pumped Storage,14W-TKO-KW-----S,PT15M,2022-07-07 16:00:00+00:00
513,0.0,Unplanned outage,,2022-07-08 00:00:00+00:00,480.0,Hydro Pumped Storage,14W-TKP-KW-----I,PT15M,2022-07-07 22:00:00+00:00
514,0.0,Unplanned outage,,2022-07-08 06:00:00+00:00,133.0,Hydro Pumped Storage,14W-TKO-KW-----S,PT15M,2022-07-08 05:00:00+00:00
516,200.0,Unplanned outage,,2022-07-10 18:00:00+00:00,420.0,Hydro Pumped Storage,14W-TZH-KW-----7,PT15M,2022-07-10 16:00:00+00:00
518,365.0,Planned maintenance,,2022-07-10 20:00:00+00:00,727.5,Hydro Pumped Storage,14W-DMH-KW-----9,PT15M,2022-07-04 05:00:00+00:00
519,182.5,Unplanned outage,,2022-07-10 21:00:00+00:00,727.5,Hydro Pumped Storage,14W-DMH-KW-----9,PT15M,2022-07-10 20:00:00+00:00
521,243.5,Unplanned outage,,2022-07-11 12:00:00+00:00,370.0,Hydro Water Reservoir,14W-TZMA-KW----N,PT15M,2022-07-11 10:00:00+00:00
522,243.5,Unplanned outage,,2022-07-11 12:00:00+00:00,370.0,Hydro Water Reservoir,14W-TZMA-KW----N,PT15M,2022-07-11 12:00:00+00:00
526,0.0,Unplanned outage,,2022-07-11 16:00:00+00:00,156.0,Hydro Pumped Storage,14W-DMO-KW-----D,PT15M,2022-07-11 05:00:00+00:00
527,0.0,Planned maintenance,,2022-07-12 16:00:00+00:00,156.0,Hydro Pumped Storage,14W-DMO-KW-----D,PT15M,2022-07-12 05:00:00+00:00
528,200.0,Unplanned outage,,2022-07-12 02:00:00+00:00,420.0,Hydro Pumped Storage,14W-TZH-KW-----7,PT15M,2022-07-12 00:00:00+00:00
529,365.0,Planned maintenance,,2022-07-13 14:00:00+00:00,727.5,Hydro Pumped Storage,14W-DMH-KW-----9,PT15M,2022-07-10 21:00:00+00:00
530,200.0,Planned maintenance,,2022-07-13 15:00:00+00:00,420.0,Hydro Pumped Storage,14W-TZH-KW-----7,PT15M,2022-07-12 05:00:00+00:00
532,0.0,Unplanned outage,,2022-07-13 18:00:00+00:00,133.0,Hydro Pumped Storage,14W-TKO-KW-----S,PT15M,2022-07-13 17:00:00+00:00
533,0.0,Planned maintenance,,2022-07-13 16:00:00+00:00,156.0,Hydro Pumped Storage,14W-DMO-KW-----D,PT15M,2022-07-13 05:00:00+00:00
535,222.0,Unplanned outage,,2022-07-11 14:00:00+00:00,333.0,Hydro Run-of-river and poundage,14W-BAW-KW-----F,PT15M,2022-07-11 06:00:00+00:00
536,240.0,Unplanned outage,,2022-07-14 16:00:00+00:00,480.0,Hydro Pumped Storage,14W-TKP-KW-----I,PT15M,2022-07-14 14:00:00+00:00
537,129.2,Unplanned outage,,2022-07-14 14:00:00+00:00,242.3,Hydro Run-of-river and poundage,14W-BYP-KW-----6,PT15M,2022-07-14 06:00:00+00:00
539,0.0,Planned maintenance,,2022-07-15 12:00:00+00:00,156.0,Hydro Pumped Storage,14W-DMO-KW-----D,PT15M,2022-07-14 05:00:00+00:00
540,0.0,Unplanned outage,,2022-07-17 00:00:00+00:00,480.0,Hydro Pumped Storage,14W-TKP-KW-----I,PT15M,2022-07-16 23:00:00+00:00
541,0.0,Unplanned outage,,2022-07-17 10:00:00+00:00,156.0,Hydro Pumped Storage,14W-DMO-KW-----D,PT15M,2022-07-17 08:00:00+00:00
542,120.0,Unplanned outage,,2022-07-18 06:00:00+00:00,240.0,Hydro Pumped Storage,14W-TZR-KW-----I,PT15M,2022-07-18 04:00:00+00:00
543,58.0,Unplanned outage,,2022-07-18 10:00:00+00:00,174.2,Hydro Run-of-river and poundage,14W-BFR-KW-----A,PT15M,2022-07-18 09:00:00+00:00
544,240.0,Unplanned outage,,2022-07-18 11:00:00+00:00,480.0,Hydro Pumped Storage,14W-TKP-KW-----I,PT15M,2022-07-18 09:00:00+00:00
546,185.0,Unplanned outage,,2022-07-18 12:00:00+00:00,333.0,Hydro Run-of-river and poundage,14W-BAW-KW-----F,PT15M,2022-07-18 05:00:00+00:00
547,0.0,Planned maintenance,,2022-07-18 14:00:00+00:00,156.0,Hydro Pumped Storage,14W-DMO-KW-----D,PT15M,2022-07-18 05:00:00+00:00
548,58.0,Unplanned outage,,2022-07-19 09:00:00+00:00,174.2,Hydro Run-of-river and poundage,14W-BFR-KW-----A,PT15M,2022-07-19 08:00:00+00:00
549,0.0,Planned maintenance,,2022-07-19 09:00:00+00:00,240.0,Hydro Pumped Storage,14W-TZR-KW-----I,PT15M,2022-07-19 08:00:00+00:00
550,222.0,Planned maintenance,,2022-07-19 10:00:00+00:00,333.0,Hydro Run-of-river and poundage,14W-BAW-KW-----F,PT15M,2022-07-19 05:00:00+00:00
551,0.0,Planned maintenance,,2022-07-19 13:00:00+00:00,215.0,Hydro Water Reservoir,14W-TZG-KW-----H,PT15M,2022-07-19 11:00:00+00:00
552,0.0,Planned maintenance,,2022-07-19 14:00:00+00:00,156.0,Hydro Pumped Storage,14W-DMO-KW-----D,PT15M,2022-07-19 05:00:00+00:00
553,0.0,Unplanned outage,,2022-07-20 01:00:00+00:00,480.0,Hydro Pumped Storage,14W-TKP-KW-----I,PT15M,2022-07-20 00:00:00+00:00
554,0.0,Planned maintenance,,2022-07-20 07:00:00+00:00,156.0,Hydro Pumped Storage,14W-DMO-KW-----D,PT15M,2022-07-20 05:00:00+00:00
558,222.0,Unplanned outage,,2022-07-20 10:00:00+00:00,333.0,Hydro Run-of-river and poundage,14W-BAW-KW-----F,PT15M,2022-07-20 05:00:00+00:00
559,106.5,Unplanned outage,,2022-07-20 11:00:00+00:00,210.0,Hydro Run-of-river and poundage,14W-BWM-KW-----L,PT15M,2022-07-20 09:00:00+00:00
562,0.0,Planned maintenance,,2022-07-21 09:00:00+00:00,395.0,Fossil Gas,14W-PROD-DO----O,PT15M,2022-07-20 15:00:00+00:00
563,0.0,Planned maintenance,,2022-07-22 09:00:00+00:00,395.0,Fossil Gas,14W-PROD-DO----O,PT15M,2022-07-21 20:00:00+00:00
564,0.0,Unplanned outage,,2022-07-21 10:00:00+00:00,395.0,Fossil Gas,14W-PROD-DO----O,PT1M,2022-07-21 10:00:00+00:00
565,0.0,Unplanned outage,,2022-07-21 12:00:00+00:00,395.0,Fossil Gas,14W-PROD-DO----O,PT15M,2022-07-21 10:00:00+00:00
566,0.0,Unplanned outage,,2022-07-21 17:00:00+00:00,395.0,Fossil Gas,14W-PROD-DO----O,PT1M,2022-07-21 17:00:00+00:00
567,0.0,Unplanned outage,,2022-07-21 20:00:00+00:00,395.0,Fossil Gas,14W-PROD-DO----O,PT15M,2022-07-21 17:00:00+00:00
568,0.0,Planned maintenance,,2022-07-21 17:00:00+00:00,156.0,Hydro Pumped Storage,14W-DMO-KW-----D,PT15M,2022-07-21 05:00:00+00:00
569,215.0,Unplanned outage,,2022-07-21 05:00:00+00:00,430.0,Hydro Pumped Storage,14W-DRP-KW-----M,PT15M,2022-07-21 03:00:00+00:00
570,215.0,Unplanned outage,,2022-07-22 04:00:00+00:00,430.0,Hydro Pumped Storage,14W-DRP-KW-----M,PT15M,2022-07-22 02:00:00+00:00
571,0.0,Planned maintenance,,2022-07-22 12:00:00+00:00,156.0,Hydro Pumped Storage,14W-DMO-KW-----D,PT15M,2022-07-22 05:00:00+00:00
572,0.0,Unplanned outage,,2022-07-22 10:00:00+00:00,395.0,Fossil Gas,14W-PROD-DO----O,PT1M,2022-07-22 10:00:00+00:00
573,0.0,Unplanned outage,,2022-07-22 12:00:00+00:00,395.0,Fossil Gas,14W-PROD-DO----O,PT15M,2022-07-22 10:00:00+00:00
574,0.0,Unplanned outage,,2022-07-22 12:00:00+00:00,395.0,Fossil Gas,14W-PROD-DO----O,PT1M,2022-07-22 12:00:00+00:00
575,0.0,Planned maintenance,,2022-07-25 10:00:00+00:00,395.0,Fossil Gas,14W-PROD-DO----O,PT15M,2022-07-22 20:00:00+00:00
578,129.2,Planned maintenance,,2022-07-26 18:00:00+00:00,242.3,Hydro Run-of-river and poundage,14W-BYP-KW-----6,PT15M,2022-07-25 06:00:00+00:00
579,547.5,Unplanned outage,,2022-07-27 08:00:00+00:00,727.5,Hydro Pumped Storage,14W-DMH-KW-----9,PT15M,2022-07-13 14:00:00+00:00
581,547.5,Planned maintenance,,2022-07-27 11:00:00+00:00,727.5,Hydro Pumped Storage,14W-DMH-KW-----9,PT15M,2022-07-27 08:00:00+00:00
584,0.0,Unplanned outage,,2022-07-27 14:00:00+00:00,430.0,Hydro Pumped Storage,14W-DRP-KW-----M,PT15M,2022-07-27 13:00:00+00:00
585,140.0,Planned maintenance,,2022-07-27 14:00:00+00:00,280.0,Hydro Water Reservoir,14W-TKH-KW-----O,PT15M,2022-07-27 06:00:00+00:00
587,0.0,Planned maintenance,,2022-07-29 05:00:00+00:00,395.0,Fossil Gas,14W-PROD-DO----O,PT15M,2022-07-28 23:00:00+00:00
588,215.0,Planned maintenance,,2022-07-28 14:00:00+00:00,430.0,Hydro Pumped Storage,14W-DRP-KW-----M,PT15M,2022-07-28 06:00:00+00:00
589,0.0,Unplanned outage,,2022-07-30 00:00:00+00:00,420.0,Hydro Pumped Storage,14W-TZH-KW-----7,PT15M,2022-07-29 23:00:00+00:00
590,0.0,Unplanned outage,,2022-07-30 04:00:00+00:00,420.0,Hydro Pumped Storage,14W-TZH-KW-----7,PT15M,2022-07-30 03:00:00+00:00
591,0.0,Unplanned outage,,2022-07-29 11:00:00+00:00,120.0,Hydro Water Reservoir,14W-TKS-KW-----P,PT15M,2022-07-29 10:00:00+00:00
593,215.0,Unplanned outage,,2022-07-30 06:00:00+00:00,430.0,Hydro Pumped Storage,14W-DRP-KW-----M,PT15M,2022-07-30 04:00:00+00:00
595,0.0,Planned maintenance,,2022-08-02 05:00:00+00:00,395.0,Fossil Gas,14W-PROD-DO----O,PT1M,2022-08-02 05:00:00+00:00
596,0.0,Planned maintenance,,2022-08-02 05:00:00+00:00,395.0,Fossil Gas,14W-PROD-DO----O,PT15M,2022-07-29 22:00:00+00:00
597,0.0,Planned maintenance,,2022-08-03 10:00:00+00:00,120.0,Hydro Water Reservoir,14W-TKS-KW-----P,PT15M,2022-08-03 05:00:00+00:00
598,365.0,Unplanned outage,,2022-08-01 22:00:00+00:00,727.5,Hydro Pumped Storage,14W-DMH-KW-----9,PT15M,2022-07-27 11:00:00+00:00
600,0.0,Planned maintenance,,2022-08-03 05:00:00+00:00,395.0,Fossil Gas,14W-PROD-DO----O,PT15M,2022-08-02 23:00:00+00:00
602,240.0,Unplanned outage,,2022-08-03 09:00:00+00:00,480.0,Hydro Pumped Storage,14W-TKP-KW-----I,PT15M,2022-08-03 08:00:00+00:00
603,0.0,Planned maintenance,,2022-08-03 17:00:00+00:00,480.0,Hydro Pumped Storage,14W-TKP-KW-----I,PT15M,2022-08-03 11:00:00+00:00
606,215.0,Unplanned outage,,2022-08-04 08:00:00+00:00,430.0,Hydro Pumped Storage,14W-DRP-KW-----M,PT15M,2022-08-03 22:00:00+00:00
607,547.5,Planned maintenance,,2022-08-04 09:00:00+00:00,727.5,Hydro Pumped Storage,14W-DMH-KW-----9,PT15M,2022-08-01 22:00:00+00:00
608,547.5,Unplanned outage,,2022-08-05 04:00:00+00:00,727.5,Hydro Pumped Storage,14W-DMH-KW-----9,PT15M,2022-08-05 01:00:00+00:00
609,0.0,Unplanned outage,,2022-08-06 14:00:00+00:00,120.0,Hydro Water Reservoir,14W-TKS-KW-----P,PT15M,2022-08-06 12:00:00+00:00
610,0.0,Planned maintenance,,2022-08-08 15:00:00+00:00,156.0,Hydro Pumped Storage,14W-DMO-KW-----D,PT15M,2022-08-08 05:00:00+00:00
611,0.0,Planned maintenance,,2022-08-09 15:00:00+00:00,156.0,Hydro Pumped Storage,14W-DMO-KW-----D,PT15M,2022-08-09 05:00:00+00:00
612,0.0,Unplanned outage,,2022-08-10 09:00:00+00:00,133.0,Hydro Pumped Storage,14W-TKO-KW-----S,PT15M,2022-08-10 08:00:00+00:00
613,0.0,Planned maintenance,,2022-08-10 08:00:00+00:00,120.0,Hydro Water Reservoir,14W-TKS-KW-----P,PT15M,2022-08-10 06:00:00+00:00
615,200.0,Unplanned outage,,2022-08-10 15:00:00+00:00,420.0,Hydro Pumped Storage,14W-TZH-KW-----7,PT15M,2022-08-10 10:00:00+00:00
618,0.0,Planned maintenance,,2022-08-11 13:00:00+00:00,215.0,Hydro Water Reservoir,14W-TZG-KW-----H,PT15M,2022-08-09 07:00:00+00:00
620,0.0,Unplanned outage,,2022-07-14 09:00:00+00:00,133.0,Hydro Pumped Storage,14W-TKO-KW-----S,PT15M,2022-07-14 08:00:00+00:00
621,0.0,Unplanned outage,,2022-08-12 09:00:00+00:00,215.0,Hydro Water Reservoir,14W-TZG-KW-----H,PT15M,2022-08-12 08:00:00+00:00
622,0.0,Unplanned outage,,2022-08-13 10:00:00+00:00,156.0,Hydro Pumped Storage,14W-DMO-KW-----D,PT15M,2022-08-13 08:00:00+00:00
623,0.0,Unplanned outage,,2022-08-14 00:00:00+00:00,215.0,Hydro Water Reservoir,14W-TZG-KW-----H,PT15M,2022-08-13 23:00:00+00:00
624,200.0,Unplanned outage,,2022-08-14 11:00:00+00:00,420.0,Hydro Pumped Storage,14W-TZH-KW-----7,PT15M,2022-08-14 08:00:00+00:00
625,0.0,Unplanned outage,,2022-08-14 22:00:00+00:00,215.0,Hydro Water Reservoir,14W-TZG-KW-----H,PT15M,2022-08-14 21:00:00+00:00
626,0.0,Planned maintenance,,2022-08-17 13:00:00+00:00,156.0,Hydro Pumped Storage,14W-DMO-KW-----D,PT15M,2022-08-17 09:00:00+00:00
627,0.0,Unplanned outage,,2022-08-16 09:00:00+00:00,340.0,Fossil Gas,14W-PROD-SIM---P,PT15M,2022-08-16 06:00:00+00:00
628,0.0,Unplanned outage,,2022-08-16 06:00:00+00:00,340.0,Fossil Gas,14W-PROD-SIM---P,PT1M,2022-08-16 06:00:00+00:00
629,0.0,Unplanned outage,,2022-08-16 09:00:00+00:00,340.0,Fossil Gas,14W-PROD-SIM---P,PT1M,2022-08-16 09:00:00+00:00
630,0.0,Unplanned outage,,2022-08-16 10:00:00+00:00,215.0,Hydro Water Reservoir,14W-TZG-KW-----H,PT15M,2022-08-16 08:00:00+00:00
631,0.0,Unplanned outage,,2022-08-18 21:00:00+00:00,395.0,Fossil Gas,14W-PROD-DO----O,PT15M,2022-08-16 13:00:00+00:00
632,0.0,Unplanned outage,,2022-08-16 13:00:00+00:00,395.0,Fossil Gas,14W-PROD-DO----O,PT1M,2022-08-16 13:00:00+00:00
633,0.0,Unplanned outage,,2022-08-18 21:00:00+00:00,395.0,Fossil Gas,14W-PROD-DO----O,PT1M,2022-08-18 21:00:00+00:00
634,547.5,Unplanned outage,,2022-08-21 22:00:00+00:00,727.5,Hydro Pumped Storage,14W-DMH-KW-----9,PT15M,2022-08-21 21:00:00+00:00
635,547.5,Planned maintenance,,2022-08-24 15:00:00+00:00,727.5,Hydro Pumped Storage,14W-DMH-KW-----9,PT15M,2022-08-24 05:00:00+00:00
637,0.0,Unplanned outage,,2022-08-23 13:00:00+00:00,420.0,Hydro Pumped Storage,14W-TZH-KW-----7,PT15M,2022-08-23 11:00:00+00:00
638,547.5,Unplanned outage,,2022-08-23 14:00:00+00:00,727.5,Hydro Pumped Storage,14W-DMH-KW-----9,PT15M,2022-08-23 13:00:00+00:00
639,547.5,Unplanned outage,,2022-08-23 17:00:00+00:00,727.5,Hydro Pumped Storage,14W-DMH-KW-----9,PT15M,2022-08-23 16:00:00+00:00
640,547.5,Planned maintenance,,2022-08-25 09:00:00+00:00,727.5,Hydro Pumped Storage,14W-DMH-KW-----9,PT15M,2022-08-25 07:00:00+00:00
641,0.0,Unplanned outage,,2022-08-24 16:00:00+00:00,255.0,Fossil Gas,14W-KW-THE-EVN-7,PT15M,2022-08-24 15:00:00+00:00
642,0.0,Unplanned outage,,2022-08-24 16:00:00+00:00,255.0,Fossil Gas,14W-KW-THE-EVN-7,PT1M,2022-08-24 16:00:00+00:00
643,0.0,Unplanned outage,,2022-08-24 17:00:00+00:00,215.0,Hydro Water Reservoir,14W-TZG-KW-----H,PT15M,2022-08-24 16:00:00+00:00
644,547.5,Planned maintenance,,2022-08-25 13:00:00+00:00,727.5,Hydro Pumped Storage,14W-DMH-KW-----9,PT15M,2022-08-25 12:00:00+00:00
645,120.0,Unplanned outage,,2022-08-29 00:00:00+00:00,240.0,Hydro Pumped Storage,14W-TZR-KW-----I,PT15M,2022-08-28 23:00:00+00:00
649,106.5,Unplanned outage,,2022-08-29 10:00:00+00:00,210.0,Hydro Run-of-river and poundage,14W-BWM-KW-----L,PT15M,2022-08-29 09:00:00+00:00
650,215.0,Planned maintenance,,2022-08-31 12:00:00+00:00,430.0,Hydro Pumped Storage,14W-DRP-KW-----M,PT15M,2022-08-31 06:00:00+00:00
651,0.0,Unplanned outage,,2022-08-29 14:00:00+00:00,133.0,Hydro Pumped Storage,14W-TKO-KW-----S,PT15M,2022-08-29 13:00:00+00:00
652,215.0,Unplanned outage,,2022-08-29 23:00:00+00:00,430.0,Hydro Pumped Storage,14W-DRP-KW-----M,PT15M,2022-08-29 20:00:00+00:00
653,0.0,Unplanned outage,,2022-08-30 00:00:00+00:00,133.0,Hydro Pumped Storage,14W-TKO-KW-----S,PT15M,2022-08-29 23:00:00+00:00
654,0.0,Planned maintenance,,2022-08-30 15:00:00+00:00,133.0,Hydro Pumped Storage,14W-TKO-KW-----S,PT15M,2022-08-30 06:00:00+00:00
656,0.0,Planned maintenance,,2022-08-31 02:00:00+00:00,430.0,Hydro Pumped Storage,14W-DRP-KW-----M,PT15M,2022-08-31 01:00:00+00:00
659,365.0,Planned maintenance,,2022-08-31 02:00:00+00:00,727.5,Hydro Pumped Storage,14W-DMH-KW-----9,PT15M,2022-08-31 02:00:00+00:00
660,182.5,Planned maintenance,,2022-08-31 02:00:00+00:00,727.5,Hydro Pumped Storage,14W-DMH-KW-----9,PT15M,2022-08-31 01:00:00+00:00
661,0.0,Unplanned outage,,2022-08-31 02:00:00+00:00,727.5,Hydro Pumped Storage,14W-DMH-KW-----9,PT15M,2022-08-31 02:00:00+00:00
663,0.0,Unplanned outage,,2022-08-31 22:00:00+00:00,480.0,Hydro Pumped Storage,14W-TKP-KW-----I,PT15M,2022-08-31 21:00:00+00:00
664,0.0,Unplanned outage,,2022-09-01 00:00:00+00:00,395.0,Fossil Gas,14W-PROD-DO----O,PT1M,2022-09-01 00:00:00+00:00
665,0.0,Unplanned outage,,2022-09-01 04:00:00+00:00,395.0,Fossil Gas,14W-PROD-DO----O,PT15M,2022-09-01 00:00:00+00:00
666,547.5,Unplanned outage,,2022-09-01 08:00:00+00:00,727.5,Hydro Pumped Storage,14W-DMH-KW-----9,PT15M,2022-08-31 02:00:00+00:00
667,0.0,Unplanned outage,,2022-09-01 13:00:00+00:00,480.0,Hydro Pumped Storage,14W-TKP-KW-----I,PT15M,2022-09-01 12:00:00+00:00
669,0.0,Planned maintenance,,2022-09-03 01:00:00+00:00,295.0,Fossil Gas,14W-PROD-SIM---P,PT15M,2022-07-28 22:00:00+00:00
670,547.5,Unplanned outage,,2022-09-02 11:00:00+00:00,727.5,Hydro Pumped Storage,14W-DMH-KW-----9,PT15M,2022-09-02 09:00:00+00:00
671,200.0,Unplanned outage,,2022-09-02 21:00:00+00:00,420.0,Hydro Pumped Storage,14W-TZH-KW-----7,PT15M,2022-09-02 19:00:00+00:00
672,0.0,Unplanned outage,,2022-09-04 13:00:00+00:00,480.0,Hydro Pumped Storage,14W-TKP-KW-----I,PT15M,2022-09-04 11:00:00+00:00
674,243.5,Unplanned outage,,2022-09-06 05:00:00+00:00,370.0,Hydro Water Reservoir,14W-TZMA-KW----N,PT15M,2022-09-05 21:00:00+00:00
675,547.5,Planned maintenance,,2022-09-06 14:00:00+00:00,727.5,Hydro Pumped Storage,14W-DMH-KW-----9,PT15M,2022-09-05 05:00:00+00:00
676,0.0,Unplanned outage,,2022-09-06 15:00:00+00:00,215.0,Hydro Water Reservoir,14W-TZG-KW-----H,PT15M,2022-09-06 15:00:00+00:00
677,0.0,Unplanned outage,,2022-09-07 00:00:00+00:00,133.0,Hydro Pumped Storage,14W-TKO-KW-----S,PT15M,2022-09-06 22:00:00+00:00
678,0.0,Unplanned outage,,2022-09-07 01:00:00+00:00,156.0,Hydro Pumped Storage,14W-DMO-KW-----D,PT15M,2022-09-06 23:00:00+00:00
679,0.0,Planned maintenance,,2022-08-09 14:00:00+00:00,133.0,Hydro Pumped Storage,14W-TKO-KW-----S,PT15M,2022-08-09 10:00:00+00:00
681,0.0,Unplanned outage,,2022-09-08 10:00:00+00:00,215.0,Hydro Water Reservoir,14W-TZG-KW-----H,PT15M,2022-09-08 06:00:00+00:00
682,0.0,Planned maintenance,,2022-09-11 22:00:00+00:00,250.0,Fossil Gas,14W-PROD-SIM---P,PT15M,2022-09-10 06:00:00+00:00
683,0.0,Planned maintenance,,2022-09-11 22:00:00+00:00,295.0,Fossil Gas,14W-PROD-SIM---P,PT15M,2022-09-10 06:00:00+00:00
684,0.0,Planned maintenance,,2022-09-11 22:00:00+00:00,295.0,Fossil Gas,14W-PROD-SIM---P,PT15M,2022-09-10 06:00:00+00:00
685,0.0,Unplanned outage,,2022-09-08 12:00:00+00:00,133.0,Hydro Pumped Storage,14W-TKO-KW-----S,PT15M,2022-09-08 08:00:00+00:00
686,0.0,Unplanned outage,,2022-09-03 08:00:00+00:00,295.0,Fossil Gas,14W-PROD-SIM---P,PT15M,2022-09-03 01:00:00+00:00
687,0.0,Planned maintenance,,2022-09-03 16:00:00+00:00,295.0,Fossil Gas,14W-PROD-SIM---P,PT15M,2022-09-03 08:00:00+00:00
688,0.0,Planned maintenance,,2022-09-03 16:00:00+00:00,295.0,Fossil Gas,14W-PROD-SIM---P,PT15M,2022-07-28 22:00:00+00:00
689,0.0,Planned maintenance,,2022-09-03 16:00:00+00:00,250.0,Fossil Gas,14W-PROD-SIM---P,PT15M,2022-07-28 22:00:00+00:00
690,0.0,Unplanned outage,,2022-09-04 05:00:00+00:00,295.0,Fossil Gas,14W-PROD-SIM---P,PT15M,2022-09-04 00:00:00+00:00
691,0.0,Unplanned outage,,2022-09-04 08:00:00+00:00,295.0,Fossil Gas,14W-PROD-SIM---P,PT15M,2022-09-04 00:00:00+00:00
692,0.0,Unplanned outage,,2022-09-04 08:00:00+00:00,250.0,Fossil Gas,14W-PROD-SIM---P,PT15M,2022-09-04 00:00:00+00:00
693,0.0,Unplanned outage,,2022-09-10 14:00:00+00:00,480.0,Hydro Pumped Storage,14W-TKP-KW-----I,PT15M,2022-09-10 12:00:00+00:00
695,248.0,Unplanned outage,,2022-09-10 20:00:00+00:00,370.0,Hydro Water Reservoir,14W-TZMA-KW----N,PT15M,2022-09-10 19:00:00+00:00
697,248.0,Unplanned outage,,2022-09-14 21:00:00+00:00,370.0,Hydro Water Reservoir,14W-TZMA-KW----N,PT15M,2022-09-14 20:00:00+00:00
698,0.0,Unplanned outage,,2022-09-15 02:00:00+00:00,250.0,Fossil Gas,14W-PROD-SIM---P,PT1M,2022-09-15 02:00:00+00:00
699,0.0,Unplanned outage,,2022-09-14 23:00:00+00:00,250.0,Fossil Gas,14W-PROD-SIM---P,PT1M,2022-09-14 23:00:00+00:00
700,0.0,Unplanned outage,,2022-09-15 02:00:00+00:00,250.0,Fossil Gas,14W-PROD-SIM---P,PT15M,2022-09-14 23:00:00+00:00
702,0.0,Unplanned outage,,2022-09-15 09:00:00+00:00,215.0,Hydro Water Reservoir,14W-TZG-KW-----H,PT15M,2022-09-15 07:00:00+00:00
703,0.0,Planned maintenance,,2022-09-15 12:00:00+00:00,480.0,Hydro Pumped Storage,14W-TKP-KW-----I,PT15M,2022-09-15 08:00:00+00:00
704,0.0,Planned maintenance,,2022-09-18 22:00:00+00:00,250.0,Fossil Gas,14W-PROD-SIM---P,PT15M,2022-09-16 22:00:00+00:00
705,0.0,Planned maintenance,,2022-09-18 22:00:00+00:00,295.0,Fossil Gas,14W-PROD-SIM---P,PT15M,2022-09-16 22:00:00+00:00
706,0.0,Planned maintenance,,2022-09-18 22:00:00+00:00,295.0,Fossil Gas,14W-PROD-SIM---P,PT15M,2022-09-16 22:00:00+00:00
707,0.0,Planned maintenance,,2022-09-16 19:00:00+00:00,255.0,Fossil Gas,14W-KW-THE-EVN-7,PT15M,2022-08-24 17:00:00+00:00
710,0.0,Planned maintenance,,2022-09-19 10:00:00+00:00,156.0,Hydro Pumped Storage,14W-DMO-KW-----D,PT15M,2022-09-19 06:00:00+00:00
712,110.0,Planned maintenance,,2022-09-26 15:00:00+00:00,280.0,Hydro Water Reservoir,14W-TKH-KW-----O,PT15M,2022-09-26 11:00:00+00:00
714,70.0,Planned maintenance,,2022-09-20 14:00:00+00:00,215.0,Hydro Water Reservoir,14W-TZG-KW-----H,PT15M,2022-09-15 09:00:00+00:00
715,0.0,Unplanned outage,,2022-09-20 14:00:00+00:00,215.0,Hydro Water Reservoir,14W-TZG-KW-----H,PT15M,2022-09-20 14:00:00+00:00
717,70.0,Planned maintenance,,2022-09-20 16:00:00+00:00,215.0,Hydro Water Reservoir,14W-TZG-KW-----H,PT15M,2022-09-20 14:00:00+00:00
718,0.0,Unplanned outage,,2022-09-20 17:00:00+00:00,215.0,Hydro Water Reservoir,14W-TZG-KW-----H,PT15M,2022-09-20 16:00:00+00:00
720,120.0,Unplanned outage,,2022-09-21 14:00:00+00:00,240.0,Hydro Pumped Storage,14W-TZR-KW-----I,PT15M,2022-09-21 14:00:00+00:00
721,0.0,Planned maintenance,,2022-09-21 15:00:00+00:00,156.0,Hydro Pumped Storage,14W-DMO-KW-----D,PT15M,2022-09-21 07:00:00+00:00
723,70.0,Planned maintenance,,2022-09-21 16:00:00+00:00,215.0,Hydro Water Reservoir,14W-TZG-KW-----H,PT15M,2022-09-20 17:00:00+00:00
724,0.0,Unplanned outage,,2022-09-21 17:00:00+00:00,215.0,Hydro Water Reservoir,14W-TZG-KW-----H,PT15M,2022-09-21 16:00:00+00:00
725,0.0,Unplanned outage,,2022-09-22 09:00:00+00:00,215.0,Hydro Water Reservoir,14W-TZG-KW-----H,PT15M,2022-09-22 07:00:00+00:00
726,0.0,Planned maintenance,,2022-09-23 06:00:00+00:00,430.0,Hydro Pumped Storage,14W-DRP-KW-----M,PT15M,2022-09-19 05:00:00+00:00
727,0.0,Planned maintenance,,2022-09-23 09:00:00+00:00,727.5,Hydro Pumped Storage,14W-DMH-KW-----9,PT15M,2022-09-19 05:00:00+00:00
728,547.5,Unplanned outage,,2022-09-26 07:00:00+00:00,727.5,Hydro Pumped Storage,14W-DMH-KW-----9,PT15M,2022-09-26 04:00:00+00:00
729,243.5,Unplanned outage,,2022-09-27 19:00:00+00:00,370.0,Hydro Water Reservoir,14W-TZMA-KW----N,PT15M,2022-09-27 16:00:00+00:00
730,547.5,Unplanned outage,,2022-09-29 07:00:00+00:00,727.5,Hydro Pumped Storage,14W-DMH-KW-----9,PT15M,2022-09-29 05:00:00+00:00
731,240.0,Unplanned outage,,2022-09-29 10:00:00+00:00,480.0,Hydro Pumped Storage,14W-TKP-KW-----I,PT15M,2022-09-29 08:00:00+00:00
732,215.0,Unplanned outage,,2022-09-29 14:00:00+00:00,430.0,Hydro Pumped Storage,14W-DRP-KW-----M,PT15M,2022-09-23 06:00:00+00:00
733,547.5,Unplanned outage,,2022-09-29 18:00:00+00:00,727.5,Hydro Pumped Storage,14W-DMH-KW-----9,PT15M,2022-09-29 17:00:00+00:00
734,200.0,Unplanned outage,,2022-10-01 17:00:00+00:00,420.0,Hydro Pumped Storage,14W-TZH-KW-----7,PT15M,2022-10-01 15:00:00+00:00
735,200.0,Unplanned outage,,2022-10-17 05:00:00+00:00,420.0,Hydro Pumped Storage,14W-TZH-KW-----7,PT15M,2022-10-03 02:00:00+00:00
737,215.0,Planned maintenance,,2022-10-03 23:00:00+00:00,430.0,Hydro Pumped Storage,14W-DRP-KW-----M,PT15M,2022-10-03 05:00:00+00:00
738,0.0,Unplanned outage,,2022-10-04 02:00:00+00:00,430.0,Hydro Pumped Storage,14W-DRP-KW-----M,PT15M,2022-10-03 23:00:00+00:00
739,0.0,Unplanned outage,,2022-10-04 14:00:00+00:00,340.0,Fossil Gas,14W-PROD-SIM---P,PT1M,2022-10-04 14:00:00+00:00
740,0.0,Unplanned outage,,2022-10-04 17:00:00+00:00,340.0,Fossil Gas,14W-PROD-SIM---P,PT15M,2022-10-04 14:00:00+00:00
741,0.0,Unplanned outage,,2022-10-04 17:00:00+00:00,340.0,Fossil Gas,14W-PROD-SIM---P,PT1M,2022-10-04 17:00:00+00:00
742,0.0,Planned maintenance,,2022-10-04 16:00:00+00:00,133.0,Hydro Pumped Storage,14W-TKO-KW-----S,PT15M,2022-09-26 06:00:00+00:00
743,547.5,Unplanned outage,,2022-10-05 13:00:00+00:00,727.5,Hydro Pumped Storage,14W-DMH-KW-----9,PT15M,2022-10-05 12:00:00+00:00
744,0.0,Unplanned outage,,2022-10-05 13:00:00+00:00,215.0,Hydro Water Reservoir,14W-TZG-KW-----H,PT15M,2022-10-05 10:00:00+00:00
745,0.0,Unplanned outage,,2022-10-06 12:00:00+00:00,133.0,Hydro Pumped Storage,14W-TKO-KW-----S,PT15M,2022-10-06 12:00:00+00:00
746,547.5,Unplanned outage,,2022-10-06 14:00:00+00:00,727.5,Hydro Pumped Storage,14W-DMH-KW-----9,PT15M,2022-10-06 12:00:00+00:00
747,547.5,Unplanned outage,,2022-10-06 18:00:00+00:00,727.5,Hydro Pumped Storage,14W-DMH-KW-----9,PT15M,2022-10-06 17:00:00+00:00
748,0.0,Unplanned outage,,2022-10-06 15:00:00+00:00,340.0,Fossil Gas,14W-PROD-SIM---P,PT15M,2022-10-06 14:00:00+00:00
749,0.0,Unplanned outage,,2022-10-06 15:00:00+00:00,340.0,Fossil Gas,14W-PROD-SIM---P,PT1M,2022-10-06 15:00:00+00:00
750,0.0,Unplanned outage,,2022-10-06 14:00:00+00:00,340.0,Fossil Gas,14W-PROD-SIM---P,PT1M,2022-10-06 14:00:00+00:00
751,547.5,Unplanned outage,,2022-10-07 08:00:00+00:00,727.5,Hydro Pumped Storage,14W-DMH-KW-----9,PT15M,2022-10-07 06:00:00+00:00
752,547.5,Unplanned outage,,2022-10-07 20:00:00+00:00,727.5,Hydro Pumped Storage,14W-DMH-KW-----9,PT15M,2022-10-07 19:00:00+00:00
754,0.0,Unplanned outage,,2022-10-09 00:00:00+00:00,480.0,Hydro Pumped Storage,14W-TKP-KW-----I,PT15M,2022-10-08 23:00:00+00:00
756,215.0,Planned maintenance,,2022-10-09 16:00:00+00:00,430.0,Hydro Pumped Storage,14W-DRP-KW-----M,PT15M,2022-10-04 02:00:00+00:00
760,0.0,Unplanned outage,,2022-10-11 12:00:00+00:00,215.0,Hydro Water Reservoir,14W-TZG-KW-----H,PT15M,2022-10-11 12:00:00+00:00
761,222.0,Planned maintenance,,2022-10-11 12:00:00+00:00,333.0,Hydro Run-of-river and poundage,14W-BAW-KW-----F,PT15M,2022-10-10 05:00:00+00:00
762,0.0,Unplanned outage,,2022-10-11 16:00:00+00:00,250.0,Fossil Gas,14W-PROD-SIM---P,PT15M,2022-10-11 14:00:00+00:00
763,0.0,Unplanned outage,,2022-10-11 16:00:00+00:00,250.0,Fossil Gas,14W-PROD-SIM---P,PT1M,2022-10-11 16:00:00+00:00
764,0.0,Unplanned outage,,2022-10-12 07:00:00+00:00,430.0,Hydro Pumped Storage,14W-DRP-KW-----M,PT15M,2022-10-09 16:00:00+00:00
765,0.0,Planned maintenance,,2022-10-15 22:00:00+00:00,295.0,Fossil Gas,14W-PROD-SIM---P,PT15M,2022-10-13 22:00:00+00:00
766,0.0,Planned maintenance,,2022-10-15 22:00:00+00:00,295.0,Fossil Gas,14W-PROD-SIM---P,PT15M,2022-10-13 22:00:00+00:00
767,0.0,Planned maintenance,,2022-10-15 22:00:00+00:00,250.0,Fossil Gas,14W-PROD-SIM---P,PT15M,2022-10-13 22:00:00+00:00
768,222.0,Planned maintenance,,2022-10-12 12:00:00+00:00,333.0,Hydro Run-of-river and poundage,14W-BAW-KW-----F,PT15M,2022-10-12 05:00:00+00:00
769,80.0,Unplanned outage,,2022-10-11 07:00:00+00:00,179.0,Hydro Run-of-river and poundage,14W-BOW-KW-----9,PT15M,2022-10-11 05:00:00+00:00
770,222.0,Planned maintenance,,2022-10-13 09:00:00+00:00,333.0,Hydro Run-of-river and poundage,14W-BAW-KW-----F,PT15M,2022-10-13 05:00:00+00:00
772,0.0,Planned maintenance,,2022-10-17 10:00:00+00:00,417.0,Fossil Gas,14W-WGM-KW-----J,PT15M,2022-10-16 22:00:00+00:00
777,0.0,Planned maintenance,,2022-10-18 08:00:00+00:00,480.0,Hydro Pumped Storage,14W-TKP-KW-----I,PT15M,2022-10-18 06:00:00+00:00
778,0.0,Planned maintenance,,2022-10-18 13:00:00+00:00,133.0,Hydro Pumped Storage,14W-TKO-KW-----S,PT15M,2022-10-18 06:00:00+00:00
780,547.5,Planned maintenance,,2022-10-18 14:00:00+00:00,727.5,Hydro Pumped Storage,14W-DMH-KW-----9,PT15M,2022-10-10 05:00:00+00:00
781,365.0,Unplanned outage,,2022-10-18 15:00:00+00:00,727.5,Hydro Pumped Storage,14W-DMH-KW-----9,PT15M,2022-10-18 14:00:00+00:00
782,0.0,Unplanned outage,,2022-10-18 15:00:00+00:00,280.0,Hydro Water Reservoir,14W-TKH-KW-----O,PT15M,2022-10-18 06:00:00+00:00
784,0.0,Unplanned outage,,2022-10-19 09:00:00+00:00,156.0,Hydro Pumped Storage,14W-DMO-KW-----D,PT15M,2022-10-19 08:00:00+00:00
785,222.0,Unplanned outage,,2022-10-19 14:00:00+00:00,333.0,Hydro Run-of-river and poundage,14W-BAW-KW-----F,PT15M,2022-10-19 05:00:00+00:00
786,365.0,Planned maintenance,,2022-10-29 02:00:00+00:00,727.5,Hydro Pumped Storage,14W-DMH-KW-----9,PT15M,2022-10-28 20:00:00+00:00
787,0.0,Planned maintenance,,2022-10-22 18:00:00+00:00,340.0,Fossil Gas,14W-PROD-SIM---P,PT15M,2022-10-22 06:00:00+00:00
789,0.0,Unplanned outage,,2022-10-20 14:00:00+00:00,215.0,Hydro Water Reservoir,14W-TZG-KW-----H,PT15M,2022-10-20 06:00:00+00:00
790,547.5,Planned maintenance,,2022-10-20 15:00:00+00:00,727.5,Hydro Pumped Storage,14W-DMH-KW-----9,PT15M,2022-10-18 15:00:00+00:00
791,215.0,Planned maintenance,,2022-10-20 16:00:00+00:00,430.0,Hydro Pumped Storage,14W-DRP-KW-----M,PT15M,2022-10-12 07:00:00+00:00
792,0.0,Unplanned outage,,2022-10-22 02:00:00+00:00,480.0,Hydro Pumped Storage,14W-TKP-KW-----I,PT15M,2022-10-22 00:00:00+00:00
793,215.0,Unplanned outage,,2022-10-22 20:00:00+00:00,430.0,Hydro Pumped Storage,14W-DRP-KW-----M,PT15M,2022-10-22 19:00:00+00:00
794,215.0,Unplanned outage,,2022-10-23 00:00:00+00:00,430.0,Hydro Pumped Storage,14W-DRP-KW-----M,PT15M,2022-10-22 22:00:00+00:00
795,0.0,Unplanned outage,,2022-10-23 12:00:00+00:00,133.0,Hydro Pumped Storage,14W-TKO-KW-----S,PT15M,2022-10-23 11:00:00+00:00
797,0.0,Planned maintenance,,2022-10-24 04:00:00+00:00,420.0,Hydro Pumped Storage,14W-TZH-KW-----7,PT15M,2022-10-17 05:00:00+00:00
799,0.0,Unplanned outage,,2022-09-29 12:00:00+00:00,215.0,Hydro Water Reservoir,14W-TZG-KW-----H,PT15M,2022-09-27 05:00:00+00:00
801,0.0,Planned maintenance,,2022-11-03 18:00:00+00:00,340.0,Fossil Gas,14W-PROD-SIM---P,PT15M,2022-11-03 06:00:00+00:00
803,0.0,Unplanned outage,,2022-10-25 15:00:00+00:00,420.0,Hydro Pumped Storage,14W-TZH-KW-----7,PT15M,2022-10-24 04:00:00+00:00
804,547.5,Planned maintenance,,2022-10-27 14:00:00+00:00,727.5,Hydro Pumped Storage,14W-DMH-KW-----9,PT15M,2022-10-27 11:00:00+00:00
805,0.0,Unplanned outage,,2022-10-27 18:00:00+00:00,215.0,Hydro Water Reservoir,14W-TZG-KW-----H,PT15M,2022-10-27 16:00:00+00:00
806,215.0,Unplanned outage,,2022-10-29 21:00:00+00:00,430.0,Hydro Pumped Storage,14W-DRP-KW-----M,PT15M,2022-10-29 14:00:00+00:00
807,547.5,Unplanned outage,,2022-10-30 11:00:00+00:00,727.5,Hydro Pumped Storage,14W-DMH-KW-----9,PT15M,2022-10-30 10:00:00+00:00
808,0.0,Unplanned outage,,2022-11-02 00:00:00+00:00,480.0,Hydro Pumped Storage,14W-TKP-KW-----I,PT15M,2022-11-01 23:00:00+00:00
809,0.0,Planned maintenance,,2022-11-03 18:00:00+00:00,250.0,Fossil Gas,14W-PROD-SIM---P,PT15M,2022-11-03 06:00:00+00:00
810,0.0,Unplanned outage,,2022-11-02 14:00:00+00:00,250.0,Fossil Gas,14W-PROD-SIM---P,PT15M,2022-11-02 13:00:00+00:00
811,0.0,Unplanned outage,,2022-11-02 14:00:00+00:00,250.0,Fossil Gas,14W-PROD-SIM---P,PT1M,2022-11-02 14:00:00+00:00
812,0.0,Unplanned outage,,2022-11-02 13:00:00+00:00,250.0,Fossil Gas,14W-PROD-SIM---P,PT1M,2022-11-02 13:00:00+00:00
813,0.0,Unplanned outage,,2022-11-04 03:00:00+00:00,480.0,Hydro Pumped Storage,14W-TKP-KW-----I,PT15M,2022-11-04 01:00:00+00:00
814,0.0,Planned maintenance,,2022-11-05 16:00:00+00:00,400.0,Fossil Gas,14WENERGIE--WT02,PT15M,2022-11-04 22:00:00+00:00
816,200.0,Planned maintenance,,2022-11-04 13:00:00+00:00,420.0,Hydro Pumped Storage,14W-TZH-KW-----7,PT15M,2022-10-25 15:00:00+00:00
817,120.0,Unplanned outage,,2022-11-04 18:00:00+00:00,240.0,Hydro Pumped Storage,14W-TZR-KW-----I,PT15M,2022-11-04 12:00:00+00:00
818,110.0,Unplanned outage,,2022-11-07 07:00:00+00:00,280.0,Hydro Water Reservoir,14W-TKH-KW-----O,PT15M,2022-11-07 05:00:00+00:00
821,240.0,Planned maintenance,,2022-11-07 15:00:00+00:00,480.0,Hydro Pumped Storage,14W-TKP-KW-----I,PT15M,2022-11-07 07:00:00+00:00
822,0.0,Unplanned outage,,2022-11-08 17:00:00+00:00,420.0,Hydro Pumped Storage,14W-TZH-KW-----7,PT15M,2022-11-08 07:00:00+00:00
823,0.0,Unplanned outage,,2022-11-08 17:00:00+00:00,370.0,Hydro Water Reservoir,14W-TZMA-KW----N,PT15M,2022-11-08 07:00:00+00:00
824,0.0,Unplanned outage,,2022-11-09 16:00:00+00:00,370.0,Hydro Water Reservoir,14W-TZMA-KW----N,PT15M,2022-11-09 07:00:00+00:00
825,0.0,Unplanned outage,,2022-11-09 16:00:00+00:00,420.0,Hydro Pumped Storage,14W-TZH-KW-----7,PT15M,2022-11-09 07:00:00+00:00
826,80.0,Unplanned outage,,2022-11-10 11:00:00+00:00,179.0,Hydro Run-of-river and poundage,14W-BOW-KW-----9,PT15M,2022-11-10 09:00:00+00:00
827,0.0,Planned maintenance,,2022-10-26 09:00:00+00:00,400.0,Fossil Gas,14WENERGIE--WT02,PT15M,2022-09-11 22:00:00+00:00
828,0.0,Unplanned outage,,2022-11-11 01:00:00+00:00,480.0,Hydro Pumped Storage,14W-TKP-KW-----I,PT15M,2022-11-10 23:00:00+00:00
829,60.0,Unplanned outage,,2022-11-11 09:00:00+00:00,179.0,Hydro Run-of-river and poundage,14W-BOW-KW-----9,PT15M,2022-11-11 06:00:00+00:00
830,0.0,Unplanned outage,,2022-11-12 23:00:00+00:00,133.0,Hydro Pumped Storage,14W-TKO-KW-----S,PT15M,2022-11-12 23:00:00+00:00
831,0.0,Unplanned outage,,2022-11-13 12:00:00+00:00,156.0,Hydro Pumped Storage,14W-DMO-KW-----D,PT15M,2022-11-13 06:00:00+00:00
832,110.0,Unplanned outage,,2022-11-14 16:00:00+00:00,280.0,Hydro Water Reservoir,14W-TKH-KW-----O,PT15M,2022-11-14 15:00:00+00:00
833,0.0,Unplanned outage,,2022-11-15 17:00:00+00:00,156.0,Hydro Pumped Storage,14W-DMO-KW-----D,PT15M,2022-11-14 06:00:00+00:00
834,222.0,Unplanned outage,,2022-11-16 14:00:00+00:00,333.0,Hydro Run-of-river and poundage,14W-BAW-KW-----F,PT15M,2022-11-14 07:00:00+00:00
835,0.0,Planned maintenance,,2022-11-18 19:00:00+00:00,240.0,Hydro Pumped Storage,14W-TZR-KW-----I,PT15M,2022-11-07 04:00:00+00:00
836,200.0,Unplanned outage,,2022-11-19 14:00:00+00:00,420.0,Hydro Pumped Storage,14W-TZH-KW-----7,PT15M,2022-11-19 11:00:00+00:00
837,110.0,Unplanned outage,,2022-11-20 02:00:00+00:00,280.0,Hydro Water Reservoir,14W-TKH-KW-----O,PT15M,2022-11-20 00:00:00+00:00
838,165.0,Unplanned outage,,2022-11-21 15:00:00+00:00,297.0,Hydro Run-of-river and poundage,14W-BGS-KW-----Q,PT15M,2022-11-21 10:00:00+00:00
839,200.0,Unplanned outage,,2022-11-22 08:00:00+00:00,420.0,Hydro Pumped Storage,14W-TZH-KW-----7,PT15M,2022-11-22 05:00:00+00:00
840,222.0,Unplanned outage,,2022-11-21 06:00:00+00:00,333.0,Hydro Run-of-river and poundage,14W-BAW-KW-----F,PT15M,2022-11-21 06:00:00+00:00
841,0.0,Unplanned outage,,2022-11-24 09:00:00+00:00,395.0,Fossil Gas,14W-PROD-DO----O,PT15M,2022-11-24 06:00:00+00:00
842,0.0,Unplanned outage,,2022-11-24 06:00:00+00:00,395.0,Fossil Gas,14W-PROD-DO----O,PT1M,2022-11-24 06:00:00+00:00
843,547.5,Unplanned outage,,2022-11-24 15:00:00+00:00,727.5,Hydro Pumped Storage,14W-DMH-KW-----9,PT15M,2022-11-24 08:00:00+00:00
844,200.0,Unplanned outage,,2022-11-24 23:00:00+00:00,420.0,Hydro Pumped Storage,14W-TZH-KW-----7,PT15M,2022-11-24 22:00:00+00:00
845,547.5,Unplanned outage,,2022-11-25 07:00:00+00:00,727.5,Hydro Pumped Storage,14W-DMH-KW-----9,PT15M,2022-11-25 05:00:00+00:00
846,200.0,Unplanned outage,,2022-11-25 07:00:00+00:00,420.0,Hydro Pumped Storage,14W-TZH-KW-----7,PT15M,2022-11-25 05:00:00+00:00
847,200.0,Unplanned outage,,2022-11-27 15:00:00+00:00,420.0,Hydro Pumped Storage,14W-TZH-KW-----7,PT15M,2022-11-27 14:00:00+00:00
848,215.0,Unplanned outage,,2022-11-28 11:00:00+00:00,430.0,Hydro Pumped Storage,14W-DRP-KW-----M,PT15M,2022-11-28 05:00:00+00:00
849,0.0,Unplanned outage,,2022-11-17 19:00:00+00:00,156.0,Hydro Pumped Storage,14W-DMO-KW-----D,PT15M,2022-11-17 11:00:00+00:00
850,0.0,Unplanned outage,,2022-11-16 15:00:00+00:00,156.0,Hydro Pumped Storage,14W-DMO-KW-----D,PT15M,2022-11-16 05:00:00+00:00
851,0.0,Unplanned outage,,2022-11-22 17:00:00+00:00,160.0,Hydro Pumped Storage,14W-TKO-KW-----S,PT15M,2022-11-22 07:00:00+00:00
852,0.0,Unplanned outage,,2022-11-24 14:00:00+00:00,160.0,Hydro Pumped Storage,14W-TKO-KW-----S,PT15M,2022-11-24 11:00:00+00:00
853,0.0,Unplanned outage,,2022-11-21 14:00:00+00:00,120.0,Hydro Water Reservoir,14W-TKS-KW-----P,PT15M,2022-11-21 12:00:00+00:00
854,0.0,Unplanned outage,,2022-11-16 17:00:00+00:00,215.0,Hydro Water Reservoir,14W-TZG-KW-----H,PT15M,2022-11-16 08:00:00+00:00
855,2.0,Unplanned outage,,2022-10-25 15:00:00+00:00,215.0,Hydro Water Reservoir,14W-TZG-KW-----H,PT15M,2022-10-25 06:00:00+00:00
857,0.0,Unplanned outage,,2022-11-07 09:00:00+00:00,103.0,Hydro Run-of-river and poundage,14W-DAN-KW-----7,PT15M,2022-11-07 09:00:00+00:00
859,0.0,Planned maintenance,,2022-11-30 16:00:00+00:00,420.0,Hydro Pumped Storage,14W-TZH-KW-----7,PT15M,2022-11-30 07:00:00+00:00
860,60.0,Planned maintenance,,2022-11-30 16:00:00+00:00,240.0,Hydro Pumped Storage,14W-TZR-KW-----I,PT15M,2022-11-30 07:00:00+00:00
861,0.0,Planned maintenance,,2022-11-30 16:00:00+00:00,370.0,Hydro Water Reservoir,14W-TZMA-KW----N,PT15M,2022-11-30 07:00:00+00:00
864,0.0,Planned maintenance,,2022-11-15 17:00:00+00:00,156.0,Hydro Pumped Storage,14W-DMO-KW-----D,PT15M,2022-11-14 06:00:00+00:00
867,0.0,Planned maintenance,,2022-11-13 23:00:00+00:00,395.0,Fossil Gas,14W-PROD-DO----O,PT15M,2022-11-11 23:00:00+00:00
868,240.0,Planned maintenance,,2022-11-08 15:00:00+00:00,480.0,Hydro Pumped Storage,14W-TKP-KW-----I,PT15M,2022-11-08 07:00:00+00:00
870,0.0,Planned maintenance,,2022-11-10 16:00:00+00:00,420.0,Hydro Pumped Storage,14W-TZH-KW-----7,PT15M,2022-11-10 07:00:00+00:00
871,0.0,Planned maintenance,,2022-11-10 16:00:00+00:00,370.0,Hydro Water Reservoir,14W-TZMA-KW----N,PT15M,2022-11-10 07:00:00+00:00
873,0.0,Planned maintenance,,2022-11-13 12:00:00+00:00,727.5,Hydro Pumped Storage,14W-DMH-KW-----9,PT15M,2022-11-13 06:00:00+00:00
878,222.0,Planned maintenance,,2022-11-17 08:00:00+00:00,333.0,Hydro Run-of-river and poundage,14W-BAW-KW-----F,PT15M,2022-11-16 14:00:00+00:00
879,0.0,Planned maintenance,,2022-11-21 14:00:00+00:00,480.0,Hydro Pumped Storage,14W-TKP-KW-----I,PT15M,2022-11-21 07:00:00+00:00
880,222.0,Planned maintenance,,2022-11-21 15:00:00+00:00,333.0,Hydro Run-of-river and poundage,14W-BAW-KW-----F,PT15M,2022-11-21 06:00:00+00:00
881,0.0,Planned maintenance,,2022-11-21 15:00:00+00:00,156.0,Hydro Pumped Storage,14W-DMO-KW-----D,PT15M,2022-11-21 07:00:00+00:00
886,547.5,Planned maintenance,,2022-11-28 12:00:00+00:00,727.5,Hydro Pumped Storage,14W-DMH-KW-----9,PT15M,2022-11-28 08:00:00+00:00
887,365.0,Unplanned outage,,2022-11-28 12:00:00+00:00,727.5,Hydro Pumped Storage,14W-DMH-KW-----9,PT15M,2022-11-28 12:00:00+00:00
888,547.5,Planned maintenance,,2022-11-28 15:00:00+00:00,727.5,Hydro Pumped Storage,14W-DMH-KW-----9,PT15M,2022-11-28 12:00:00+00:00
890,0.0,Unplanned outage,,2022-11-29 16:00:00+00:00,370.0,Hydro Water Reservoir,14W-TZMA-KW----N,PT15M,2022-11-29 07:00:00+00:00
892,0.0,Unplanned outage,,2022-11-29 16:00:00+00:00,240.0,Hydro Pumped Storage,14W-TZR-KW-----I,PT15M,2022-11-29 07:00:00+00:00
894,0.0,Unplanned outage,,2022-11-29 16:00:00+00:00,420.0,Hydro Pumped Storage,14W-TZH-KW-----7,PT15M,2022-11-29 07:00:00+00:00
896,215.0,Unplanned outage,,2022-11-29 11:00:00+00:00,430.0,Hydro Pumped Storage,14W-DRP-KW-----M,PT15M,2022-11-29 07:00:00+00:00
897,0.0,Planned maintenance,,2022-12-05 15:00:00+00:00,480.0,Hydro Pumped Storage,14W-TKP-KW-----I,PT15M,2022-12-05 11:00:00+00:00
898,0.0,Planned maintenance,,2022-12-01 16:00:00+00:00,420.0,Hydro Pumped Storage,14W-TZH-KW-----7,PT15M,2022-12-01 07:00:00+00:00
899,0.0,Planned maintenance,,2022-12-01 16:00:00+00:00,370.0,Hydro Water Reservoir,14W-TZMA-KW----N,PT15M,2022-12-01 07:00:00+00:00
900,0.0,Planned maintenance,,2022-12-01 16:00:00+00:00,240.0,Hydro Pumped Storage,14W-TZR-KW-----I,PT15M,2022-12-01 07:00:00+00:00
901,80.0,Unplanned outage,,2022-12-01 10:00:00+00:00,179.0,Hydro Run-of-river and poundage,14W-BOW-KW-----9,PT15M,2022-11-30 17:00:00+00:00
902,0.0,Unplanned outage,,2022-12-02 01:00:00+00:00,480.0,Hydro Pumped Storage,14W-TKP-KW-----I,PT15M,2022-12-01 23:00:00+00:00
903,240.0,Unplanned outage,,2022-12-02 13:00:00+00:00,480.0,Hydro Pumped Storage,14W-TKP-KW-----I,PT15M,2022-12-02 12:00:00+00:00
904,0.0,Planned maintenance,,2022-12-03 19:00:00+00:00,400.0,Fossil Gas,14WENERGIE--WT02,PT15M,2022-12-03 00:00:00+00:00
910,240.0,Unplanned outage,,2022-12-05 01:00:00+00:00,480.0,Hydro Pumped Storage,14W-TKP-KW-----I,PT15M,2022-12-05 00:00:00+00:00
911,547.5,Planned maintenance,,2022-12-06 16:00:00+00:00,727.5,Hydro Pumped Storage,14W-DMH-KW-----9,PT15M,2022-12-06 11:00:00+00:00
913,200.0,Unplanned outage,,2022-12-05 10:00:00+00:00,420.0,Hydro Pumped Storage,14W-TZH-KW-----7,PT15M,2022-12-05 09:00:00+00:00
914,28.8,Unplanned outage,,2022-12-05 10:00:00+00:00,242.3,Hydro Run-of-river and poundage,14W-BYP-KW-----6,PT15M,2022-12-05 09:00:00+00:00
917,0.0,Unplanned outage,,2022-12-06 05:00:00+00:00,340.0,Fossil Gas,14W-PROD-SIM---P,PT15M,2022-12-06 01:00:00+00:00
918,0.0,Unplanned outage,,2022-12-06 01:00:00+00:00,340.0,Fossil Gas,14W-PROD-SIM---P,PT1M,2022-12-06 01:00:00+00:00
919,0.0,Unplanned outage,,2022-12-06 05:00:00+00:00,340.0,Fossil Gas,14W-PROD-SIM---P,PT1M,2022-12-06 05:00:00+00:00
920,120.0,Unplanned outage,,2022-12-06 11:00:00+00:00,240.0,Hydro Pumped Storage,14W-TZR-KW-----I,PT15M,2022-12-06 10:00:00+00:00
922,0.0,Unplanned outage,,2022-12-07 17:00:00+00:00,215.0,Hydro Water Reservoir,14W-TZG-KW-----H,PT15M,2022-12-07 09:00:00+00:00
923,120.0,Unplanned outage,,2022-12-07 10:00:00+00:00,240.0,Hydro Pumped Storage,14W-TZR-KW-----I,PT15M,2022-12-07 09:00:00+00:00
924,547.5,Planned maintenance,,2022-12-07 14:00:00+00:00,727.5,Hydro Pumped Storage,14W-DMH-KW-----9,PT15M,2022-12-07 07:00:00+00:00
925,215.0,Unplanned outage,,2022-12-07 15:00:00+00:00,430.0,Hydro Pumped Storage,14W-DRP-KW-----M,PT15M,2022-12-07 14:00:00+00:00
926,215.0,Planned maintenance,,2022-12-07 15:00:00+00:00,430.0,Hydro Pumped Storage,14W-DRP-KW-----M,PT15M,2022-12-07 15:00:00+00:00
928,0.0,Unplanned outage,,2022-12-05 10:00:00+00:00,215.0,Hydro Water Reservoir,14W-TZG-KW-----H,PT15M,2022-12-05 06:00:00+00:00
930,215.0,Unplanned outage,,2022-12-07 21:00:00+00:00,430.0,Hydro Pumped Storage,14W-DRP-KW-----M,PT15M,2022-12-07 18:00:00+00:00
931,215.0,Unplanned outage,,2022-12-08 00:00:00+00:00,430.0,Hydro Pumped Storage,14W-DRP-KW-----M,PT15M,2022-12-07 22:00:00+00:00
933,0.0,Planned maintenance,,2022-12-15 12:00:00+00:00,480.0,Hydro Pumped Storage,14W-TKP-KW-----I,PT15M,2022-12-15 07:00:00+00:00
934,215.0,Unplanned outage,,2022-12-08 15:00:00+00:00,430.0,Hydro Pumped Storage,14W-DRP-KW-----M,PT15M,2022-12-08 01:00:00+00:00
935,0.0,Planned maintenance,,2022-12-08 19:00:00+00:00,340.0,Fossil Gas,14W-PROD-SIM---P,PT15M,2022-12-08 01:00:00+00:00
936,0.0,Unplanned outage,,2022-12-08 16:00:00+00:00,215.0,Hydro Water Reservoir,14W-TZG-KW-----H,PT15M,2022-12-08 15:00:00+00:00
938,0.0,Unplanned outage,,2022-11-29 16:00:00+00:00,215.0,Hydro Water Reservoir,14W-TZG-KW-----H,PT15M,2022-11-29 07:00:00+00:00
939,0.0,Unplanned outage,,2022-12-09 04:00:00+00:00,340.0,Fossil Gas,14W-PROD-SIM---P,PT1M,2022-12-09 04:00:00+00:00
940,0.0,Unplanned outage,,2022-12-09 07:00:00+00:00,340.0,Fossil Gas,14W-PROD-SIM---P,PT15M,2022-12-09 04:00:00+00:00
941,0.0,Unplanned outage,,2022-12-09 07:00:00+00:00,340.0,Fossil Gas,14W-PROD-SIM---P,PT1M,2022-12-09 07:00:00+00:00
942,215.0,Unplanned outage,,2022-12-09 10:00:00+00:00,430.0,Hydro Pumped Storage,14W-DRP-KW-----M,PT15M,2022-12-09 04:00:00+00:00
943,547.5,Planned maintenance,,2022-12-12 15:00:00+00:00,727.5,Hydro Pumped Storage,14W-DMH-KW-----9,PT15M,2022-12-12 12:00:00+00:00
944,0.0,Unplanned outage,,2022-12-12 21:00:00+00:00,160.0,Hydro Pumped Storage,14W-TKO-KW-----S,PT15M,2022-12-12 20:00:00+00:00
945,240.0,Planned maintenance,,2022-12-12 18:00:00+00:00,480.0,Hydro Pumped Storage,14W-TKP-KW-----I,PT15M,2022-12-12 13:00:00+00:00
946,547.5,Unplanned outage,,2022-12-13 07:00:00+00:00,727.5,Hydro Pumped Storage,14W-DMH-KW-----9,PT15M,2022-12-13 07:00:00+00:00
947,110.0,Planned maintenance,,2022-12-13 11:00:00+00:00,280.0,Hydro Water Reservoir,14W-TKH-KW-----O,PT15M,2022-12-13 09:00:00+00:00
948,240.0,Planned maintenance,,2022-12-13 15:00:00+00:00,480.0,Hydro Pumped Storage,14W-TKP-KW-----I,PT15M,2022-12-13 07:00:00+00:00
950,547.5,Unplanned outage,,2022-12-14 07:00:00+00:00,727.5,Hydro Pumped Storage,14W-DMH-KW-----9,PT15M,2022-12-13 12:00:00+00:00
952,240.0,Unplanned outage,,2022-12-13 17:00:00+00:00,480.0,Hydro Pumped Storage,14W-TKP-KW-----I,PT15M,2022-12-13 15:00:00+00:00
953,0.0,Unplanned outage,,2022-12-14 07:00:00+00:00,480.0,Hydro Pumped Storage,14W-TKP-KW-----I,PT15M,2022-12-14 07:00:00+00:00
955,215.0,Planned maintenance,,2022-12-14 14:00:00+00:00,430.0,Hydro Pumped Storage,14W-DRP-KW-----M,PT15M,2022-12-14 10:00:00+00:00
956,365.0,Planned maintenance,,2022-12-14 13:00:00+00:00,727.5,Hydro Pumped Storage,14W-DMH-KW-----9,PT15M,2022-12-14 07:00:00+00:00
957,182.5,Unplanned outage,,2022-12-14 13:00:00+00:00,727.5,Hydro Pumped Storage,14W-DMH-KW-----9,PT15M,2022-12-14 13:00:00+00:00
959,0.0,Unplanned outage,,2022-12-14 14:00:00+00:00,480.0,Hydro Pumped Storage,14W-TKP-KW-----I,PT15M,2022-12-14 12:00:00+00:00
960,240.0,Planned maintenance,,2022-12-14 15:00:00+00:00,480.0,Hydro Pumped Storage,14W-TKP-KW-----I,PT15M,2022-12-14 14:00:00+00:00
961,240.0,Planned maintenance,,2022-12-14 12:00:00+00:00,480.0,Hydro Pumped Storage,14W-TKP-KW-----I,PT15M,2022-12-14 07:00:00+00:00
962,365.0,Planned maintenance,,2022-12-14 16:00:00+00:00,727.5,Hydro Pumped Storage,14W-DMH-KW-----9,PT15M,2022-12-14 13:00:00+00:00
963,547.5,Unplanned outage,,2022-12-19 06:00:00+00:00,727.5,Hydro Pumped Storage,14W-DMH-KW-----9,PT15M,2022-12-14 16:00:00+00:00
964,80.0,Unplanned outage,,2022-12-15 11:00:00+00:00,179.0,Hydro Run-of-river and poundage,14W-BOW-KW-----9,PT15M,2022-12-12 07:00:00+00:00
965,0.0,Planned maintenance,,2022-12-20 10:00:00+00:00,215.0,Hydro Water Reservoir,14W-TZG-KW-----H,PT15M,2022-12-20 07:00:00+00:00
966,0.0,Unplanned outage,,2022-11-30 15:00:00+00:00,160.0,Hydro Pumped Storage,14W-TKO-KW-----S,PT15M,2022-11-30 11:00:00+00:00
968,0.0,Unplanned outage,,2022-12-16 15:00:00+00:00,160.0,Hydro Pumped Storage,14W-TKO-KW-----S,PT15M,2022-12-16 13:00:00+00:00
969,0.0,Planned maintenance,,2022-12-18 09:00:00+00:00,400.0,Fossil Gas,14WENERGIE--WT02,PT15M,2022-12-16 23:00:00+00:00
971,0.0,Planned maintenance,,2022-12-20 17:00:00+00:00,280.0,Hydro Water Reservoir,14W-TKH-KW-----O,PT15M,2022-12-20 07:00:00+00:00
972,0.0,Planned maintenance,,2022-12-20 14:00:00+00:00,370.0,Hydro Water Reservoir,14W-TZMA-KW----N,PT15M,2022-12-20 10:00:00+00:00
974,365.0,Planned maintenance,,2022-12-21 13:00:00+00:00,727.5,Hydro Pumped Storage,14W-DMH-KW-----9,PT15M,2022-12-19 06:00:00+00:00
975,140.0,Unplanned outage,,2022-12-21 07:00:00+00:00,280.0,Hydro Water Reservoir,14W-TKH-KW-----O,PT15M,2022-12-21 07:00:00+00:00
976,215.0,Unplanned outage,,2022-12-23 23:00:00+00:00,430.0,Hydro Pumped Storage,14W-DRP-KW-----M,PT15M,2022-12-23 20:00:00+00:00
977,215.0,Unplanned outage,,2022-12-24 17:00:00+00:00,430.0,Hydro Pumped Storage,14W-DRP-KW-----M,PT15M,2022-12-24 15:00:00+00:00
978,80.0,Unplanned outage,,2022-12-24 19:00:00+00:00,215.0,Hydro Water Reservoir,14W-TZG-KW-----H,PT15M,2022-12-24 19:00:00+00:00
979,0.0,Unplanned outage,,2022-12-25 13:00:00+00:00,480.0,Hydro Pumped Storage,14W-TKP-KW-----I,PT15M,2022-12-25 11:00:00+00:00
981,0.0,Planned maintenance,,2022-12-29 23:00:00+00:00,295.0,Fossil Gas,14W-PROD-SIM---P,PT15M,2022-12-27 23:00:00+00:00
982,106.0,Planned maintenance,,2022-12-29 23:00:00+00:00,250.0,Fossil Gas,14W-PROD-SIM---P,PT15M,2022-12-27 23:00:00+00:00
983,1.0,Unplanned outage,,2022-11-28 10:00:00+00:00,103.0,Hydro Run-of-river and poundage,14W-DAN-KW-----7,PT15M,2022-11-28 08:00:00+00:00
